# This file was produced by the NASA Exoplanet Archive  http://exoplanetarchive.ipac.caltech.edu,,,,
# Fri Nov 10 23:49:02 2017,,,,
#,,,,
# COLUMN st_dist:        Distance [pc],,,,
# COLUMN pl_name:        Planet Name,,,,
# COLUMN pl_masseerr1:   Planet Mass Upper Unc. [Earth mass],,,,
# COLUMN st_actlx:       X-ray Activity log(L<sub>x</sub>),,,,
#,,,,
rowid,st_dist,pl_name,pl_masseerr1,st_actlx
1,110.62,11 Com b,,
2,119.47,11 UMi b,,
3,76.39,14 And b,,
4,18.15,14 Her b,,
5,21.41,16 Cyg B b,,
6,73.1,18 Del b,,
7,145,1RXS J160929.1-210524 b,300,
8,74.79,24 Sex b,,
9,74.79,24 Sex c,,
10,36,2MASS J01225093-2439505 b,794.5,
11,39.4,2MASS J02192210-3925225 b,349.613,
12,140,2MASS J04414489+2301513 b,794.5,
13,52.4,2MASS J12073346-3932539 b,318,
14,,2MASS J19383260+4603591 b,31.783,
15,25,2MASS J21402931+1625183 A b,26629.91,
16,74,2MASS J22362452+4751425 b,476.745,
17,39.43,30 Ari B b,,29.86
18,77.4,4 UMa b,,
19,97.28,42 Dra b,,
20,14.08,47 UMa b,,
21,14.08,47 UMa c,,
22,14.08,47 UMa d,,
23,29.4,51 Eri b,,30.12
24,15.36,51 Peg b,,
25,12.53,55 Cnc b,1.0488,27.74
26,12.53,55 Cnc c,1.748,27.74
27,12.53,55 Cnc d,21.612,27.74
28,12.53,55 Cnc e,0.31,27.74
29,12.53,55 Cnc f,3.814,27.74
30,56.95,6 Lyn b,,
31,8.52,61 Vir b,,26.87
32,8.52,61 Vir c,,26.87
33,8.52,61 Vir d,,26.87
34,19.84,7 CMa b,,
35,18.11,70 Vir b,,
36,81.5,75 Cet b,,
37,159.1,8 UMi b,,
38,97.18,81 Cet b,,
39,45.52,91 Aqr b,,
40,45.52,AB Pic b,158.9,
41,2618,BD+03 2562 b,,
42,50.03,BD+14 4559 b,,
43,774,BD+15 2375 b,,
44,175.44,BD+15 2940 b,,
45,25.4,BD+20 1790 b,,
46,,BD+20 2457 b,,
47,,BD+20 2457 c,,
48,,BD+20 274 b,,
49,152.1,BD+20 594 b,6,
50,,BD+48 738 b,,
51,,BD+49 828 b,,
52,20.1,BD-06 1339 b,,
53,20.1,BD-06 1339 c,,
54,42.09,BD-08 2823 b,,
55,42.09,BD-08 2823 c,,
56,80,BD-10 3166 b,,
57,27.3,BD-11 4672 b,,
58,766,BD-13 2130 b,,
59,37.54,BD-17 63 b,,
60,23.1,CFBDSIR J145829+101343 b,1430.2,
61,,CHXR 73 b,2662.991,
62,165,CT Cha b,1907,
63,,CoRoT-1 b,38.14,
64,345,CoRoT-10 b,50.85,
65,560,CoRoT-11 b,108.06,
66,1150,CoRoT-12 b,22.247,
67,1060,CoRoT-13 b,20.976,
68,1340,CoRoT-14 b,190.7,
69,840,CoRoT-16 b,27.014,
70,920,CoRoT-17 b,95.34,
71,870,CoRoT-18 b,120.77,
72,770,CoRoT-19 b,19.07,
73,200,CoRoT-2 b,69.92,
74,1230,CoRoT-20 b,73.1,
75,592,CoRoT-22 b,14,
76,600,CoRoT-23 b,95.3,
77,600,CoRoT-24 b,,
78,600,CoRoT-24 c,11,
79,1000,CoRoT-25 b,12.71,
80,1670,CoRoT-26 b,15.89,
81,,CoRoT-27 b,174.8,
82,560,CoRoT-28 b,27.65121,
83,765,CoRoT-29 b,63.566,
84,680,CoRoT-3 b,317.8,
85,,CoRoT-4 b,25.43,
86,,CoRoT-5 b,14.937,
87,,CoRoT-6 b,108.06,
88,153.7,CoRoT-7 b,0.86,
89,153.7,CoRoT-7 c,0.9,
90,380,CoRoT-8 b,9.53,
91,460,CoRoT-9 b,22.25,
92,,CoRoTID 223977153 b,31.783,
93,20.77,DENIS-P J082303.1-491201 b,603.85,
94,140,DH Tau b,3178,
95,,DP Leo b,,
96,181.5,EPIC 211822797 b,,
97,253,EPIC 220674823 b,,
98,253,EPIC 220674823 c,,
99,140,FU Tau b,,
100,7.69,Fomalhaut b,,
101,12.04,GJ 1132 b,0.54,
102,11.03,GJ 1148 b,,
103,11.03,GJ 1148 c,,
104,,GJ 1214 b,0.85814,
105,3.57,GJ 15 A b,,27.28
106,14.97,GJ 163 b,,
107,14.97,GJ 163 c,,
108,14.97,GJ 163 d,,
109,12.12,GJ 179 b,,
110,3.8,GJ 273 b,,26.3
111,3.8,GJ 273 c,,26.3
112,17.62,GJ 3021 b,,29.02
113,28.48,GJ 3138 b,,
114,28.48,GJ 3138 c,,
115,28.48,GJ 3138 d,,
116,15.1,GJ 317 b,222.5,
117,20.03,GJ 328 b,,
118,15.77,GJ 3293 b,,
119,15.77,GJ 3293 c,,
120,15.77,GJ 3293 d,,
121,15.77,GJ 3293 e,,
122,5.32,GJ 3323 b,,
123,5.32,GJ 3323 c,,
124,,GJ 3341 b,,
125,25.2,GJ 3470 b,1.61,
126,19.8,GJ 3634 b,4,
127,17.79,GJ 3998 b,,
128,17.79,GJ 3998 c,,
129,9.04,GJ 433 b,,
130,10.23,GJ 436 b,2.3,26.85
131,17.95,GJ 504 b,1430.2,29.51
132,10.03,GJ 536 b,,27.2
133,6.27,GJ 581 b,,
134,6.27,GJ 581 c,,
135,6.27,GJ 581 e,,
136,6.49,GJ 625 b,,26.7
137,10.32,GJ 649 b,,
138,6.8,GJ 667 C b,,27.81
139,6.8,GJ 667 C c,,27.81
140,6.8,GJ 667 C e,,27.81
141,6.8,GJ 667 C f,,27.81
142,6.8,GJ 667 C g,,27.81
143,4.54,GJ 674 b,,27.53
144,16.9,GJ 676 A b,572.094,
145,16.9,GJ 676 A c,,
146,16.9,GJ 676 A d,,
147,16.9,GJ 676 A e,,
148,4.53,GJ 687 b,,26.9
149,4.94,GJ 832 b,,26.77
150,4.94,GJ 832 c,,26.77
151,8.77,GJ 849 b,,
152,10.91,GJ 86 b,,27.61
153,4.7,GJ 876 b,1.4302,26.49
154,4.7,GJ 876 c,1.2395,26.49
155,4.7,GJ 876 d,0.4,26.49
156,4.7,GJ 876 e,1.7,26.49
157,139,GQ Lup b,,
158,145,GSC 06214-00210 b,300,
159,48,GU Psc b,540.3,
160,139,HAT-P-1 b,6.03877,
161,38,HAT-P-11 b,2.86,
162,142.5,HAT-P-12 b,3.814,
163,214,HAT-P-13 b,12.077,
164,214,HAT-P-13 c,,
165,205,HAT-P-14 b,18.751,
166,190,HAT-P-15 b,20.976,
167,235,HAT-P-16 b,29.875,
168,90,HAT-P-17 b,5.72,
169,90,HAT-P-17 c,,
170,166,HAT-P-18 b,4.132,
171,215,HAT-P-19 b,5.721,
172,135.32,HAT-P-2 b,76.28,
173,70,HAT-P-20 b,59.432,
174,254,HAT-P-21 b,51.168,
175,82,HAT-P-22 b,19.387,
176,393,HAT-P-23 b,38,
177,396,HAT-P-24 b,10.488,
178,297,HAT-P-25 b,6.992,
179,134,HAT-P-26 b,2.225,
180,204,HAT-P-27 b,9.53,
181,395,HAT-P-28 b,11.759,
182,322,HAT-P-29 b,24.154,
183,138,HAT-P-3 b,5.721,
184,193,HAT-P-30 b,8.899,
185,354,HAT-P-31 b,33.371,
186,283,HAT-P-32 b,,
187,387,HAT-P-33 b,32.099,
188,257,HAT-P-34 b,67.059,
189,535,HAT-P-35 b,10.488,
190,317,HAT-P-36 b,31.464,
191,411,HAT-P-37 b,32.735,
192,249,HAT-P-38 b,6.356,
193,642,HAT-P-39 b,31.464,
194,314,HAT-P-4 b,10.488,
195,501,HAT-P-40 b,12.077,
196,344,HAT-P-41 b,32.417,
197,447,HAT-P-42 b,26.379,
198,542,HAT-P-43 b,19.069,
199,363,HAT-P-44 b,9.217,
200,363,HAT-P-44 c,,
201,305,HAT-P-45 b,43.541,
202,296,HAT-P-46 b,26.061,
203,322,HAT-P-49 b,65.152,
204,340,HAT-P-5 b,34.96,
205,497,HAT-P-50 b,23.20159,
206,470,HAT-P-51 b,5.72094,
207,385,HAT-P-52 b,9.21707,
208,719,HAT-P-53 b,17.79848,
209,135.8,HAT-P-54 b,10.17056,
210,480,HAT-P-55 b,17.79848,
211,310.5,HAT-P-56 b,79.4575,
212,303,HAT-P-57 b,,
213,261,HAT-P-6 b,37.82,
214,841,HAT-P-65 b,26.37989,
215,927,HAT-P-66 b,18.11631,
216,320,HAT-P-67 b,79.4575,
217,320,HAT-P-7 b,6.67443,
218,230,HAT-P-8 b,57.21,
219,480,HAT-P-9 b,28.6,
220,303,HATS-1 b,83.268,
221,496,HATS-10 b,25.74423,
222,906,HATS-11 b,38.1396,
223,981,HATS-12 b,34.9613,
224,476,HATS-13 b,22.88376,
225,513,HATS-14 b,22.2481,
226,689,HATS-15 b,47.6745,
227,774,HATS-16 b,60.3877,
228,339,HATS-17 b,20.65895,
229,645,HATS-18 b,24.47291,
230,360,HATS-2 b,47.672,
231,207.9,HATS-22 b,34.9613,
232,747,HATS-23 b,22.88376,
233,510,HATS-24 b,57.2094,
234,466,HATS-25 b,13.34886,
235,907,HATS-26 b,24.15508,
236,840,HATS-27 b,41.3179,
237,521,HATS-28 b,27.65121,
238,351,HATS-29 b,20.02329,
239,453,HATS-3 b,43.223,
240,339,HATS-30 b,12.39537,
241,872,HATS-31 b,38.1396,
242,839,HATS-32 b,31.783,
243,255,HATS-33 b,16.84499,
244,532,HATS-34 b,22.88376,
245,557,HATS-35 b,24.79074,
246,420,HATS-4 b,8.899,
247,257,HATS-5 b,3.814,
248,148.4,HATS-6 b,22.2481,
249,829,HATS-8 b,6.03877,
250,622,HATS-9 b,9.21707,
251,97,HD 100546 b,,
252,140.85,HD 100655 b,,
253,52.8,HD 100777 b,,
254,39.02,HD 10180 c,,
255,39.02,HD 10180 d,,
256,39.02,HD 10180 e,,
257,39.02,HD 10180 f,,
258,39.02,HD 10180 g,,
259,39.02,HD 10180 h,,
260,30.5,HD 101930 b,,
261,42,HD 102117 b,,
262,28.98,HD 102195 b,,
263,164.2,HD 102272 b,,
264,138.5,HD 102329 b,,
265,9.24,HD 102365 b,,26.78
266,121.07,HD 102956 b,,
267,49.33,HD 103197 b,,
268,41.6,HD 103720 b,,
269,53.08,HD 103774 b,,
270,20.82,HD 104067 b,,
271,,HD 10442 b,,
272,102.04,HD 104985 b,,
273,37.4,HD 106252 b,,
274,87.87,HD 106270 b,,
275,109.7,HD 106315 b,,
276,109.7,HD 106315 c,,
277,17.35,HD 10647 b,,
278,36.36,HD 106515 A b,,
279,91.83,HD 106906 b,636,
280,32.6,HD 10697 b,,28.54
281,51.26,HD 107148 b,,
282,38.56,HD 108147 b,,
283,49.4,HD 108341 b,,
284,138.5,HD 108863 b,,
285,68.5,HD 108874 b,,
286,68.5,HD 108874 c,,
287,65.6,HD 109246 b,,
288,56.92,HD 109271 b,,
289,56.92,HD 109271 c,,
290,59.03,HD 109749 b,,
291,90,HD 110014 b,,
292,28.88,HD 111232 b,,
293,32.73,HD 111998 b,,29.03
294,37.42,HD 113337 b,,29.21
295,15.9,HD 113538 b,,
296,15.9,HD 113538 c,,
297,28.04,HD 114386 b,,
298,20.48,HD 114613 b,,28.36
299,35,HD 114729 b,,
300,40.57,HD 114762 b,,
301,20.4,HD 114783 b,,
302,51.7,HD 11506 b,,
303,51.7,HD 11506 c,,
304,110.62,HD 116029 b,,
305,33.01,HD 117207 b,,
306,231.5,HD 11755 b,,
307,38.02,HD 117618 b,,
308,88.57,HD 118203 b,,
309,33.98,HD 11964 b,,
310,33.98,HD 11964 c,,
311,66.49,HD 11977 b,,
312,97.66,HD 120084 b,,
313,44.37,HD 121504 b,,
314,51.1,HD 12484 b,,
315,27.45,HD 125595 b,,
316,52.83,HD 125612 b,,
317,52.83,HD 125612 c,,
318,52.83,HD 125612 d,,
319,158.4,HD 12648 b,,
320,37.16,HD 12661 b,,
321,37.16,HD 12661 c,,
322,68.35,HD 126614 b,,
323,,HD 128311 b,,28.52
324,,HD 128311 c,293.67492,28.52
325,26.03,HD 128356 b,,
326,67.61,HD 129445 b,,
327,29.76,HD 130322 b,,
328,121.36,HD 131496 b,,
329,57.21,HD 131664 b,,
330,300.3,HD 13189 b,,
331,70.97,HD 132406 b,,
332,98.52,HD 132563 b,,
333,47,HD 133131 A b,,
334,47,HD 133131 A c,,
335,47,HD 133131 B b,,
336,22.2,HD 134987 b,,
337,22.2,HD 134987 c,,
338,106.38,HD 136418 b,,
339,38.45,HD 137388 A b,,
340,66.89,HD 13908 b,,
341,66.89,HD 13908 c,,
342,45.52,HD 13931 b,,
343,121.36,HD 139357 b,,
344,163.4,HD 14067 b,,
345,36.2,HD 141399 b,,
346,36.2,HD 141399 c,,
347,36.2,HD 141399 d,,
348,36.2,HD 141399 e,,
349,33.46,HD 141937 b,,
350,25.64,HD 142 b,,
351,25.64,HD 142 c,,
352,35.87,HD 142022 A b,,
353,106.38,HD 142245 b,,
354,34.57,HD 142415 b,,
355,48.7,HD 143105 b,,
356,65.66,HD 143361 b,,
357,55.19,HD 145377 b,,
358,126.1,HD 145457 b,,
359,,HD 145934 b,,
360,23.44,HD 1461 b,,
361,23.44,HD 1461 c,,
362,42.96,HD 147018 b,,
363,42.96,HD 147018 c,,
364,12.87,HD 147513 b,,28.96
365,104.93,HD 147873 b,,
366,104.93,HD 147873 c,,
367,53.05,HD 148156 b,,
368,59.28,HD 148427 b,,
369,78.86,HD 149026 b,4.132,
370,63.49,HD 149143 b,,
371,167.5,HD 1502 b,,
372,27.23,HD 150706 b,,28.89
373,83.33,HD 152079 b,,
374,182.82,HD 152581 b,,
375,51.87,HD 153950 b,,
376,18.06,HD 154345 b,,
377,64.77,HD 154672 b,,
378,68.54,HD 154857 b,,
379,68.54,HD 154857 c,,
380,75.13,HD 155233 b,,
381,43.4,HD 155358 b,,
382,43.4,HD 155358 c,,
383,35.37,HD 156279 b,,
384,55.1,HD 156411 b,,
385,24.05,HD 156668 b,,
386,49,HD 156846 b,,
387,114.15,HD 158038 b,,
388,68.59,HD 159243 b,,
389,68.59,HD 159243 c,,
390,52.72,HD 159868 b,,
391,52.72,HD 159868 c,,
392,84.6,HD 1605 b,,
393,84.6,HD 1605 c,,
394,15.28,HD 160691 b,,
395,15.28,HD 160691 c,,
396,15.28,HD 160691 d,,
397,15.28,HD 160691 e,,
398,35.91,HD 16141 b,,
399,59.84,HD 16175 b,,
400,31.26,HD 162020 b,,
401,69.44,HD 163607 b,,
402,69.44,HD 163607 c,,
403,25.54,HD 16417 b,,28.47
404,51.81,HD 164509 b,,
405,28.93,HD 164595 b,,
406,37.98,HD 164604 b,,
407,22.13,HD 164922 b,,
408,22.13,HD 164922 c,,
409,64.98,HD 165155 b,,
410,110.62,HD 1666 b,,
411,42.99,HD 166724 b,,
412,50,HD 167042 b,,
413,37.88,HD 168443 b,,
414,37.88,HD 168443 c,,
415,43.12,HD 168746 b,,
416,7.01,HD 1690 b,,
417,36.32,HD 169830 b,,
418,36.32,HD 169830 c,,
419,64.98,HD 170469 b,,
420,,HD 17092 b,,
421,90,HD 171028 b,,
422,44.05,HD 171238 b,,
423,75,HD 17156 b,25.43,
424,134.95,HD 173416 b,,
425,67.02,HD 175167 b,,
426,127.55,HD 175541 b,,
427,45.27,HD 175607 b,,
428,44.5,HD 17674 b,,
429,17.17,HD 177565 b,,28.06
430,59.03,HD 177830 b,,
431,59.03,HD 177830 c,,
432,47,HD 178911 B b,,29
433,63.69,HD 179079 b,,
434,27.05,HD 179949 b,,28.61
435,131.75,HD 180314 b,,
436,114.55,HD 180902 b,,
437,110.62,HD 181342 b,,
438,26.15,HD 181433 b,,
439,26.15,HD 181433 c,,
440,26.15,HD 181433 d,,
441,55.93,HD 181720 b,,
442,52.83,HD 183263 b,,
443,52.83,HD 183263 c,,
444,47.37,HD 185269 b,,
445,44.98,HD 187085 b,,
446,47.92,HD 187123 b,,
447,47.92,HD 187123 c,,
448,127.88,HD 18742 b,,
449,52.63,HD 188015 b,,
450,19.25,HD 189733 b,,28.44
451,15.89,HD 190360 b,,
452,15.89,HD 190360 c,,
453,54.23,HD 190647 b,,
454,189.39,HD 190984 b,,
455,73.47,HD 191806 b,,
456,19.89,HD 192263 b,,
457,8.82,HD 192310 b,,27.23
458,8.82,HD 192310 c,,27.23
459,67.39,HD 192699 b,,
460,37.35,HD 195019 b,,
461,46.93,HD 196050 b,,
462,43.57,HD 196067 b,,
463,32.99,HD 196885 b,,
464,32.83,HD 197037 b,,
465,22.38,HD 19994 b,,
466,68.35,HD 200964 b,,
467,68.35,HD 200964 c,,
468,46.34,HD 202206 b,,
469,46.34,HD 202206 c,,
470,40.85,HD 203030 b,2662.991,
471,89.85,HD 2039 b,,
472,47.3,HD 204313 b,,
473,47.3,HD 204313 c,,
474,26.95,HD 204941 b,,
475,90.33,HD 205739 b,,
476,170.07,HD 206610 b,,
477,35.5,HD 20782 b,,
478,55.31,HD 207832 b,,
479,55.31,HD 207832 c,,
480,6.06,HD 20794 b,,26.7
481,6.06,HD 20794 c,,26.7
482,6.06,HD 20794 d,,26.7
483,6.06,HD 20794 e,,26.7
484,44,HD 208487 b,,
485,352.11,HD 208527 b,,
486,48.9,HD 20868 b,,
487,64.68,HD 208897 b,,
488,47.08,HD 209458 b,,
489,21.29,HD 210277 b,,
490,55.93,HD 210702 b,,
491,52.72,HD 212301 b,,
492,121.8,HD 212771 b,,
493,40.75,HD 213240 b,,
494,97.47,HD 214823 b,,
495,43.53,HD 215497 b,,
496,43.53,HD 215497 c,,
497,33.29,HD 216435 b,,
498,26.52,HD 216437 b,,
499,,HD 216536 b,,
500,37.89,HD 216770 b,,
501,19.72,HD 217107 b,,
502,19.72,HD 217107 c,,
503,54.8,HD 217786 b,,
504,29.94,HD 218566 b,,
505,29.2,HD 219077 b,,
506,6.55,HD 219134 b,0.19,26.6
507,6.55,HD 219134 c,0.22,26.6
508,6.55,HD 219134 d,0.64,26.6
509,6.55,HD 219134 f,0.4,26.6
510,6.55,HD 219134 g,,26.6
511,6.55,HD 219134 h,,26.6
512,169.78,HD 219415 b,,
513,77.9,HD 219828 b,,
514,77.9,HD 219828 c,,
515,289.02,HD 220074 b,,
516,45.23,HD 220689 b,,
517,48.43,HD 220773 b,,
518,62.5,HD 220842 b,,
519,52.88,HD 221287 b,,
520,53.59,HD 221585 b,,
521,83.5,HD 222076 b,,
522,50.45,HD 222155 b,,
523,41.95,HD 222582 b,,
524,77.76,HD 224538 b,,
525,94.07,HD 224693 b,,
526,31.79,HD 22781 b,,
527,34.6,HD 23079 b,,
528,89.13,HD 23127 b,,
529,108.46,HD 231701 b,,
530,,HD 233604 b,,
531,52,HD 23596 b,,
532,,HD 240210 b,,
533,307.69,HD 240237 b,,
534,46.51,HD 24040 b,,
535,264.4,HD 24064 b,,
536,56.05,HD 25171 b,,
537,53.71,HD 2638 b,,
538,18.24,HD 27442 b,,27.84
539,44.54,HD 27631 b,,
540,42.37,HD 27894 b,,
541,42.37,HD 27894 c,,
542,42.37,HD 27894 d,,
543,39.6,HD 28185 b,,
544,54.7,HD 28254 b,,
545,42.43,HD 285507 b,,
546,9.42,HD 285968 b,,27.48
547,168.92,HD 28678 b,,
548,30.6,HD 29021 b,,
549,56.7,HD 290327 b,,
550,115.21,HD 2952 b,,
551,54.71,HD 30177 b,,
552,54.71,HD 30177 c,,
553,26.5,HD 30562 b,,
554,57.1,HD 30669 b,,
555,121.07,HD 30856 b,,
556,53.82,HD 31253 b,,
557,45.8,HD 3167 b,0.38,
558,45.8,HD 3167 c,1.3,
559,45.8,HD 3167 d,,
560,117.37,HD 32518 b,,
561,35.24,HD 32963 b,,
562,50.2,HD 330075 b,,
563,136.8,HD 33142 b,,
564,86.88,HD 33283 b,,
565,20.98,HD 33564 b,,28.15
566,100.9,HD 33844 b,,
567,100.9,HD 33844 c,,
568,45.01,HD 34445 b,,
569,45.01,HD 34445 c,,
570,45.01,HD 34445 d,,
571,45.01,HD 34445 e,,
572,45.01,HD 34445 f,,
573,45.01,HD 34445 g,,
574,72.5,HD 35759 b,,
575,11.1,HD 3651 b,,27.21
576,33.24,HD 37124 b,,
577,33.24,HD 37124 c,,
578,33.24,HD 37124 d,,
579,42.88,HD 37605 b,,
580,42.88,HD 37605 c,,
581,37.78,HD 38283 b,,
582,42.4,HD 38529 b,,29.02
583,42.4,HD 38529 c,,29.02
584,99.4,HD 38801 b,,
585,18.21,HD 39091 b,,27.45
586,12.83,HD 40307 b,,
587,12.83,HD 40307 c,,
588,12.83,HD 40307 d,,
589,12.83,HD 40307 f,,
590,12.83,HD 40307 g,,
591,33.3,HD 40979 b,,
592,43.03,HD 41004 A b,,
593,43.03,HD 41004 B b,,
594,44.05,HD 4113 b,,
595,37.1,HD 42012 b,,
596,77.82,HD 4203 b,,
597,77.82,HD 4203 c,,
598,32.7,HD 4208 b,,
599,23.5,HD 42618 b,,
600,21.85,HD 4308 b,,
601,131.41,HD 4313 b,,
602,56.3,HD 43197 b,,
603,93.2,HD 43691 b,,
604,50.4,HD 44219 b,,
605,48.95,HD 45350 b,,
606,32.58,HD 45364 b,,
607,32.58,HD 45364 c,,
608,36.14,HD 45652 b,,
609,33.41,HD 46375 b,,
610,37.84,HD 47186 b,,
611,37.84,HD 47186 c,,
612,56.5,HD 4732 b,,
613,56.5,HD 4732 c,,
614,121.36,HD 47536 b,,
615,85.4,HD 48265 b,,
616,40.73,HD 49674 b,,
617,47.26,HD 50499 b,,
618,31.03,HD 50554 b,,
619,28.07,HD 52265 b,,
620,114,HD 5319 b,,
621,114,HD 5319 c,,
622,221,HD 5583 b,,
623,58.17,HD 5608 b,,
624,53.6,HD 564 b,,
625,150.6,HD 5891 b,,
626,96.8,HD 59686 A b,,
627,25.3,HD 60532 b,,
628,25.3,HD 60532 c,,
629,10.34,HD 62509 b,,27.52
630,35.8,HD 63454 b,,
631,32.62,HD 63765 b,,
632,40.32,HD 6434 b,,
633,35.59,HD 65216 b,,
634,35.59,HD 65216 c,,
635,80.06,HD 66141 b,,
636,55.04,HD 66428 b,,
637,88.81,HD 67087 b,,
638,88.81,HD 67087 c,,
639,54.9,HD 6718 b,,
640,78,HD 68402 b,,
641,58.82,HD 68988 b,,
642,12.58,HD 69830 b,,27.48
643,12.58,HD 69830 c,,27.48
644,12.58,HD 69830 d,,27.48
645,45.7,HD 70573 b,,
646,28.76,HD 70642 b,,
647,35.88,HD 7199 b,,
648,51.4,HD 72659 b,,
649,72.78,HD 72892 b,,
650,36.52,HD 73256 b,,
651,54.91,HD 73267 b,,
652,94.61,HD 73526 b,,
653,94.61,HD 73526 c,,
654,81,HD 73534 b,,
655,64.6,HD 74156 b,,
656,64.6,HD 74156 c,,
657,38.52,HD 7449 b,,
658,28.94,HD 75289 b,,
659,68.7,HD 75784 b,,
660,80.58,HD 75898 b,,
661,59.7,HD 76700 b,,
662,41.27,HD 77338 b,4.7,
663,16.82,HD 7924 b,,27.43
664,16.82,HD 7924 c,,27.43
665,16.82,HD 7924 d,,27.43
666,48.64,HD 79498 b,,
667,29.04,HD 80606 b,34.96,
668,32.56,HD 81040 b,,
669,88.26,HD 81688 b,,
670,112.23,HD 82886 b,,
671,27.46,HD 82943 b,8.899,
672,27.46,HD 82943 c,14.937,
673,43.53,HD 83443 b,,
674,52.5,HD 8535 b,,
675,33.96,HD 85390 b,,
676,11.15,HD 85512 b,,27.33
677,44.2,HD 8574 b,,
678,91.16,HD 86081 b,,
679,42.48,HD 86226 b,,
680,72.57,HD 86264 b,,
681,38.26,HD 8673 b,,28.75
682,169,HD 86950 b,,
683,73.58,HD 87646 b,,
684,18.06,HD 87883 b,,
685,74.46,HD 88133 b,193.8763,
686,30.88,HD 89307 b,,
687,39,HD 89744 b,,
688,22.09,HD 90156 b,,
689,78.93,HD 9174 b,,
690,32.32,HD 92788 b,,
691,28.9,HD 93083 b,,
692,52.85,HD 9446 b,,
693,52.85,HD 9446 c,,
694,91.57,HD 95086 b,636,
695,149.03,HD 95089 b,,
696,332,HD 95127 b,,
697,7.56,HD 95872 b,,
698,132.8,HD 96063 b,,
699,221.24,HD 96127 b,,
700,84.03,HD 96167 b,,
701,21.3,HD 97658 b,0.73,
702,150.38,HD 98219 b,,
703,42.77,HD 98649 b,,
704,60.46,HD 99109 b,,
705,55.7,HD 99492 b,,27.56
706,130.89,HD 99706 b,,
707,84.6,HIP 105854 b,,
708,,HIP 107773 b,,
709,56.2,HIP 109384 b,,
710,58.6,HIP 109600 b,,
711,55.2,HIP 116454 b,1.33,
712,23.8,HIP 12961 b,,
713,52.88,HIP 14810 b,,
714,52.88,HIP 14810 c,,
715,52.88,HIP 14810 d,,
716,116.14,HIP 41378 b,,
717,116.14,HIP 41378 c,,
718,116.14,HIP 41378 d,,
719,116.14,HIP 41378 e,,
720,116.14,HIP 41378 f,,
721,44.8,HIP 5158 b,,
722,44.8,HIP 5158 c,,
723,25.87,HIP 57274 b,,
724,25.87,HIP 57274 c,,
725,25.87,HIP 57274 d,,
726,149.25,HIP 63242 b,,
727,55.5,HIP 65407 b,,
728,55.5,HIP 65407 c,,
729,111.4,HIP 65426 b,953.49,
730,,HIP 65891 b,,
731,112.6,HIP 67537 b,,
732,,HIP 67851 b,,
733,,HIP 67851 c,,
734,23.98,HIP 70849 b,,
735,91.49,HIP 74890 b,,
736,31.33,HIP 75458 b,,
737,156.7,HIP 78530 b,300,
738,14.9,HIP 79431 b,,
739,168.63,HIP 8541 b,,
740,44.46,HIP 91258 b,,
741,106.5,HIP 97233 b,,
742,18.39,HN Peg b,2996.39,29.25
743,33.63,HR 2562 b,4767.45,
744,17.24,HR 810 b,,28.83
745,39.4,HR 8799 b,1000,28.17
746,39.4,HR 8799 c,1000,28.17
747,39.4,HR 8799 d,1000,28.17
748,39.4,HR 8799 e,,28.17
749,271,K2-10 b,17,
750,181.5,K2-100 b,,
751,181.5,K2-101 b,,
752,181.5,K2-102 b,,
753,181.5,K2-104 b,,
754,233,K2-105 b,19,
755,,K2-107 b,25.4264,
756,,K2-108 b,4.4,
757,2019,K2-11 b,,
758,118,K2-110 b,3.2,
759,210,K2-111 b,3.9,
760,553.4,K2-113 b,41.3179,
761,481,K2-114 b,73.1009,
762,417,K2-115 b,57.2094,
763,56.15,K2-116 b,,
764,,K2-117 b,,
765,,K2-117 c,,
766,,K2-118 b,,
767,,K2-119 b,,
768,294,K2-12 b,,
769,,K2-120 b,,
770,,K2-121 b,,
771,,K2-122 b,,
772,,K2-123 b,,
773,,K2-124 b,,
774,,K2-125 b,,
775,,K2-126 b,,
776,,K2-127 b,,
777,,K2-128 b,,
778,,K2-129 b,,
779,290,K2-13 b,,
780,,K2-130 b,,
781,174,K2-131 b,1.6,
782,,K2-132 b,19.0698,
783,78,K2-133 b,,
784,78,K2-133 c,,
785,78,K2-133 d,,
786,30.3,K2-135 b,,
787,30.3,K2-135 c,,
788,30.3,K2-135 d,,
789,219,K2-14 b,,
790,437,K2-15 b,,
791,324,K2-16 b,,
792,324,K2-16 c,,
793,134,K2-17 b,,
794,34,K2-18 b,,
795,291,K2-19 b,,
796,291,K2-19 c,,
797,291,K2-19 d,,
798,65,K2-21 b,,
799,65,K2-21 c,,
800,225,K2-22 b,,
801,181,K2-24 b,,
802,181,K2-24 c,,
803,45.7,K2-25 b,,
804,93,K2-26 b,,
805,,K2-27 b,4.6,
806,53,K2-28 b,,
807,185,K2-29 b,12.7132,
808,42,K2-3 b,,
809,42,K2-3 c,,
810,42,K2-3 d,,
811,278,K2-30 b,8.89924,
812,,K2-31 b,25.10857,
813,,K2-32 b,2.7,
814,,K2-32 c,,
815,,K2-32 d,4.7,
816,145,K2-33 b,,
817,377,K2-34 b,41.3179,
818,,K2-35 b,,
819,,K2-35 c,,
820,,K2-36 b,,
821,,K2-36 c,,
822,,K2-37 b,,
823,,K2-37 c,,
824,,K2-37 d,,
825,,K2-38 b,2.9,
826,,K2-38 c,4.6,
827,298.18,K2-39 b,4.4,
828,,K2-4 b,,
829,,K2-42 b,,
830,,K2-43 b,,
831,,K2-44 b,,
832,,K2-45 b,,
833,,K2-46 b,,
834,,K2-47 b,,
835,,K2-48 b,,
836,,K2-49 b,,
837,,K2-5 b,,
838,,K2-5 c,,
839,,K2-50 b,,
840,,K2-52 b,,
841,,K2-53 b,,
842,,K2-54 b,,
843,,K2-55 b,,
844,,K2-57 b,,
845,,K2-58 b,,
846,,K2-58 c,,
847,,K2-58 d,,
848,,K2-59 b,,
849,,K2-59 c,,
850,,K2-6 b,,
851,,K2-60 b,11.75971,
852,,K2-61 b,,
853,,K2-62 b,,
854,,K2-62 c,,
855,,K2-63 b,,
856,,K2-64 b,,
857,78.06,K2-65 b,,
858,,K2-66 b,,
859,,K2-68 b,,
860,,K2-69 b,,
861,,K2-7 b,,
862,,K2-70 b,,
863,,K2-71 b,,
864,,K2-72 b,,
865,,K2-72 c,,
866,,K2-72 d,,
867,,K2-72 e,,
868,,K2-73 b,,
869,,K2-74 b,,
870,,K2-75 b,,
871,,K2-75 c,,
872,141,K2-77 b,,
873,,K2-79 b,,
874,,K2-8 b,,
875,,K2-8 c,,
876,,K2-80 b,,
877,,K2-80 c,,
878,,K2-81 b,,
879,,K2-83 b,,
880,,K2-83 c,,
881,,K2-84 b,,
882,,K2-84 c,,
883,,K2-85 b,,
884,,K2-86 b,,
885,,K2-87 b,,
886,,K2-88 b,,
887,,K2-89 b,,
888,110,K2-9 b,,
889,,K2-90 b,,
890,,K2-90 c,,
891,,K2-91 b,,
892,172,K2-95 b,2.73,
893,763,K2-97 b,34.9613,
894,435,K2-98 b,8.1,
895,606,K2-99 b,28.6047,
896,262,KELT-1 b,158.908,
897,183,KELT-10 b,12.39537,
898,98,KELT-11 b,6.03877,
899,360,KELT-12 b,44.4962,
900,266,KELT-14 b,10.17056,
901,291,KELT-15 b,66.7443,
902,395.26,KELT-16 b,50.8528,
903,210,KELT-17 b,88.9924,
904,311,KELT-18 b,34.9613,
905,124.22,KELT-2 A b,24.7897,
906,139.7,KELT-20 b,,
907,178,KELT-3 b,20.976,
908,210,KELT-4 A b,19.0698,
909,222,KELT-6 b,,
910,222,KELT-6 c,,
911,129,KELT-7 b,57.2094,
912,236,KELT-8 b,20.65895,
913,188.7,KELT-9 b,266.9772,
914,,KIC 10001893 b,,
915,,KIC 10001893 c,,
916,,KIC 10001893 d,,
917,,KIC 10525077 b,,
918,,KIC 3558849 b,,
919,,KIC 5437945 b,,
920,,KIC 5951458 b,,
921,,KIC 7917485 b,,
922,,KIC 8540376 b,,
923,,KIC 8540376 c,,
924,,KIC 9663113 b,,
925,426,KOI-12 b,,
926,900,KOI-1257 b,111.24,
927,,KOI-13 b,50.8528,
928,339,KOI-142 b,2.5,
929,339,KOI-142 c,9.2,
930,800,KOI-217 b,,
931,780,KOI-351 b,,
932,780,KOI-351 c,,
933,780,KOI-351 d,,
934,780,KOI-351 e,,
935,780,KOI-351 f,,
936,780,KOI-351 g,,
937,780,KOI-351 h,,
938,1180,KOI-55 b,,
939,1180,KOI-55 c,,
940,,KOI-94 b,4.6,
941,,KOI-94 c,5.7,
942,,KOI-94 d,11,
943,,KOI-94 e,18,
944,3.92,Kapteyn c,,26.6
945,173,Kepler-10 b,1.27132,
946,173,Kepler-10 c,1.9,
947,,Kepler-100 b,3.2,
948,,Kepler-100 c,,
949,,Kepler-100 d,,
950,925,Kepler-1000 b,,
951,1009,Kepler-1001 b,,
952,425,Kepler-1002 b,,
953,873,Kepler-1003 b,,
954,1080,Kepler-1004 b,,
955,515,Kepler-1005 b,,
956,496,Kepler-1006 b,,
957,365,Kepler-1007 b,,
958,299,Kepler-1008 b,,
959,281,Kepler-1009 b,,
960,,Kepler-101 b,5.1,
961,,Kepler-101 c,,
962,610,Kepler-1010 b,,
963,860,Kepler-1011 b,,
964,420,Kepler-1012 b,,
965,433,Kepler-1013 b,,
966,672,Kepler-1014 b,,
967,932,Kepler-1015 b,,
968,1239,Kepler-1016 b,,
969,1239,Kepler-1016 c,,
970,554,Kepler-1017 b,,
971,894,Kepler-1018 b,,
972,198,Kepler-1019 b,,
973,,Kepler-102 b,,
974,,Kepler-102 c,,
975,,Kepler-102 d,1.8,
976,,Kepler-102 e,2,
977,,Kepler-102 f,,
978,446,Kepler-1020 b,,
979,837,Kepler-1021 b,,
980,455,Kepler-1022 b,,
981,686,Kepler-1023 b,,
982,1017,Kepler-1024 b,,
983,716,Kepler-1025 b,,
984,389,Kepler-1026 b,,
985,291,Kepler-1027 b,,
986,633,Kepler-1028 b,,
987,422,Kepler-1029 b,,
988,,Kepler-103 b,8.6,
989,,Kepler-103 c,25.2,
990,795,Kepler-1030 b,,
991,741,Kepler-1031 b,,
992,607,Kepler-1032 b,,
993,1425,Kepler-1033 b,,
994,706,Kepler-1034 b,,
995,408,Kepler-1035 b,,
996,507,Kepler-1036 b,,
997,451,Kepler-1037 b,,
998,622,Kepler-1038 b,,
999,324,Kepler-1039 b,,
1000,,Kepler-104 b,,
1001,,Kepler-104 c,,
1002,,Kepler-104 d,,
1003,473,Kepler-1040 b,,
1004,979,Kepler-1041 b,,
1005,659,Kepler-1042 b,,
1006,838,Kepler-1043 b,,
1007,1507,Kepler-1044 b,,
1008,971,Kepler-1045 b,,
1009,518,Kepler-1046 b,,
1010,566,Kepler-1047 b,,
1011,566,Kepler-1047 c,,
1012,415,Kepler-1048 b,,
1013,129,Kepler-1049 b,,
1014,,Kepler-105 b,,
1015,,Kepler-105 c,0.92,
1016,555,Kepler-1050 b,,
1017,555,Kepler-1050 c,,
1018,1021,Kepler-1051 b,,
1019,1051,Kepler-1052 b,,
1020,171,Kepler-1053 b,,
1021,1050,Kepler-1054 b,,
1022,422,Kepler-1055 b,,
1023,971,Kepler-1056 b,,
1024,1462,Kepler-1057 b,,
1025,525,Kepler-1058 b,,
1026,673,Kepler-1059 b,,
1027,,Kepler-106 b,,
1028,,Kepler-106 c,3.2,
1029,,Kepler-106 d,,
1030,,Kepler-106 e,5.8,
1031,861,Kepler-1060 b,,
1032,585,Kepler-1061 b,,
1033,388,Kepler-1062 b,,
1034,365,Kepler-1063 b,,
1035,374,Kepler-1064 b,,
1036,1078,Kepler-1065 b,,
1037,1078,Kepler-1065 c,,
1038,399,Kepler-1066 b,,
1039,689,Kepler-1067 b,,
1040,1532,Kepler-1068 b,,
1041,435,Kepler-1069 b,,
1042,,Kepler-107 b,,
1043,,Kepler-107 c,,
1044,,Kepler-107 d,,
1045,,Kepler-107 e,,
1046,1040,Kepler-1070 b,,
1047,964,Kepler-1071 b,,
1048,976,Kepler-1072 b,,
1049,837,Kepler-1073 b,,
1050,837,Kepler-1073 c,,
1051,245,Kepler-1074 b,,
1052,265,Kepler-1075 b,,
1053,199,Kepler-1076 b,,
1054,1098,Kepler-1077 b,,
1055,1215,Kepler-1078 b,,
1056,481,Kepler-1079 b,,
1057,,Kepler-108 b,,
1058,,Kepler-108 c,,
1059,688,Kepler-1080 b,,
1060,425,Kepler-1081 b,,
1061,628,Kepler-1082 b,,
1062,912,Kepler-1083 b,,
1063,427,Kepler-1084 b,,
1064,1518,Kepler-1085 b,,
1065,464,Kepler-1086 b,,
1066,464,Kepler-1086 c,,
1067,354,Kepler-1087 b,,
1068,300,Kepler-1088 b,,
1069,227,Kepler-1089 b,,
1070,,Kepler-109 b,,
1071,,Kepler-109 c,,
1072,702,Kepler-1090 b,,
1073,915,Kepler-1091 b,,
1074,914,Kepler-1092 b,,
1075,848,Kepler-1093 b,,
1076,848,Kepler-1093 c,,
1077,1371,Kepler-1094 b,,
1078,758,Kepler-1095 b,,
1079,344,Kepler-1096 b,,
1080,738,Kepler-1097 b,,
1081,876,Kepler-1098 b,,
1082,1209,Kepler-1099 b,,
1083,613,Kepler-11 b,1.4,
1084,613,Kepler-11 c,2.9,
1085,613,Kepler-11 d,0.8,
1086,613,Kepler-11 e,1.5,
1087,613,Kepler-11 f,0.8,
1088,613,Kepler-11 g,,
1089,,Kepler-110 b,,
1090,,Kepler-110 c,,
1091,940,Kepler-1100 b,,
1092,897,Kepler-1101 b,,
1093,986,Kepler-1102 b,,
1094,921,Kepler-1103 b,,
1095,516,Kepler-1104 b,,
1096,369,Kepler-1105 b,,
1097,1168,Kepler-1106 b,,
1098,457,Kepler-1107 b,,
1099,764,Kepler-1108 b,,
1100,797,Kepler-1109 b,,
1101,,Kepler-111 b,,
1102,,Kepler-111 c,,
1103,726,Kepler-1110 b,,
1104,1142,Kepler-1111 b,,
1105,1734,Kepler-1112 b,,
1106,1127,Kepler-1113 b,,
1107,427,Kepler-1114 b,,
1108,935,Kepler-1115 b,,
1109,1017,Kepler-1116 b,,
1110,619,Kepler-1117 b,,
1111,818,Kepler-1118 b,,
1112,1288,Kepler-1119 b,,
1113,,Kepler-112 b,,
1114,,Kepler-112 c,,
1115,635,Kepler-1120 b,,
1116,529,Kepler-1121 b,,
1117,924,Kepler-1122 b,,
1118,796,Kepler-1123 b,,
1119,177,Kepler-1124 b,,
1120,910,Kepler-1125 b,,
1121,668,Kepler-1126 b,,
1122,996,Kepler-1127 b,,
1123,1163,Kepler-1128 b,,
1124,1258,Kepler-1129 b,,
1125,1258,Kepler-1129 c,,
1126,,Kepler-113 b,4.2,
1127,,Kepler-113 c,,
1128,234,Kepler-1130 b,,
1129,1109,Kepler-1131 b,,
1130,940,Kepler-1132 b,,
1131,821,Kepler-1133 b,,
1132,997,Kepler-1134 b,,
1133,728,Kepler-1135 b,,
1134,545,Kepler-1136 b,,
1135,971,Kepler-1137 b,,
1136,1101,Kepler-1138 b,,
1137,555,Kepler-1139 b,,
1138,,Kepler-114 b,,
1139,,Kepler-114 c,0.6,
1140,,Kepler-114 d,1.7,
1141,657,Kepler-1140 b,,
1142,365,Kepler-1141 b,,
1143,697,Kepler-1142 b,,
1144,632,Kepler-1143 b,,
1145,632,Kepler-1143 c,,
1146,1012,Kepler-1144 b,,
1147,714,Kepler-1145 b,,
1148,694,Kepler-1146 b,,
1149,1476,Kepler-1147 b,,
1150,682,Kepler-1148 b,,
1151,1023,Kepler-1149 b,,
1152,,Kepler-115 b,,
1153,,Kepler-115 c,,
1154,373,Kepler-1150 b,,
1155,763,Kepler-1151 b,,
1156,184,Kepler-1152 b,,
1157,1185,Kepler-1153 b,,
1158,1531,Kepler-1154 b,,
1159,1531,Kepler-1154 c,,
1160,987,Kepler-1155 b,,
1161,759,Kepler-1156 b,,
1162,346,Kepler-1157 b,,
1163,1258,Kepler-1158 b,,
1164,1238,Kepler-1159 b,,
1165,,Kepler-116 b,,
1166,,Kepler-116 c,,
1167,1293,Kepler-1160 b,,
1168,428,Kepler-1161 b,,
1169,989,Kepler-1162 b,,
1170,487,Kepler-1163 b,,
1171,447,Kepler-1164 b,,
1172,1081,Kepler-1165 b,,
1173,648,Kepler-1166 b,,
1174,811,Kepler-1167 b,,
1175,911,Kepler-1168 b,,
1176,538,Kepler-1169 b,,
1177,1430,Kepler-117 b,10.488,
1178,1430,Kepler-117 c,57.21,
1179,911,Kepler-1170 b,,
1180,615,Kepler-1171 b,,
1181,1292,Kepler-1172 b,,
1182,402,Kepler-1173 b,,
1183,829,Kepler-1174 b,,
1184,1244,Kepler-1175 b,,
1185,1023,Kepler-1176 b,,
1186,829,Kepler-1177 b,,
1187,336,Kepler-1178 b,,
1188,454,Kepler-1179 b,,
1189,,Kepler-118 b,,
1190,,Kepler-118 c,,
1191,1284,Kepler-1180 b,,
1192,867,Kepler-1181 b,,
1193,1258,Kepler-1182 b,,
1194,1378,Kepler-1183 b,,
1195,1193,Kepler-1184 b,,
1196,296,Kepler-1185 b,,
1197,1112,Kepler-1186 b,,
1198,1029,Kepler-1187 b,,
1199,1202,Kepler-1188 b,,
1200,883,Kepler-1189 b,,
1201,,Kepler-119 b,,
1202,,Kepler-119 c,,
1203,384,Kepler-1190 b,,
1204,876,Kepler-1191 b,,
1205,1108,Kepler-1192 b,,
1206,695,Kepler-1193 b,,
1207,616,Kepler-1194 b,,
1208,812,Kepler-1195 b,,
1209,946,Kepler-1196 b,,
1210,505,Kepler-1197 b,,
1211,777,Kepler-1198 b,,
1212,540,Kepler-1199 b,,
1213,600,Kepler-12 b,16.84499,
1214,,Kepler-120 b,,
1215,,Kepler-120 c,,
1216,579,Kepler-1200 b,,
1217,1202,Kepler-1201 b,,
1218,1393,Kepler-1202 b,,
1219,269,Kepler-1203 b,,
1220,1282,Kepler-1204 b,,
1221,766,Kepler-1205 b,,
1222,807,Kepler-1206 b,,
1223,946,Kepler-1207 b,,
1224,877,Kepler-1208 b,,
1225,558,Kepler-1209 b,,
1226,,Kepler-121 b,,
1227,,Kepler-121 c,,
1228,1155,Kepler-1210 b,,
1229,1486,Kepler-1211 b,,
1230,1304,Kepler-1212 b,,
1231,685,Kepler-1213 b,,
1232,757,Kepler-1214 b,,
1233,701,Kepler-1215 b,,
1234,1124,Kepler-1216 b,,
1235,1363,Kepler-1217 b,,
1236,667,Kepler-1218 b,,
1237,622,Kepler-1219 b,,
1238,,Kepler-122 b,,
1239,,Kepler-122 c,,
1240,,Kepler-122 d,,
1241,,Kepler-122 e,,
1242,,Kepler-122 f,19.4,
1243,958,Kepler-1220 b,,
1244,909,Kepler-1221 b,,
1245,455,Kepler-1222 b,,
1246,455,Kepler-1223 b,,
1247,578,Kepler-1224 b,,
1248,1241,Kepler-1225 b,,
1249,779,Kepler-1226 b,,
1250,667,Kepler-1227 b,,
1251,547,Kepler-1228 b,,
1252,236,Kepler-1229 b,,
1253,,Kepler-123 b,,
1254,,Kepler-123 c,,
1255,1433,Kepler-1230 b,,
1256,948,Kepler-1231 b,,
1257,740,Kepler-1232 b,,
1258,1281,Kepler-1233 b,,
1259,866,Kepler-1234 b,,
1260,533,Kepler-1235 b,,
1261,1078,Kepler-1236 b,,
1262,1121,Kepler-1237 b,,
1263,1533,Kepler-1238 b,,
1264,2511,Kepler-1239 b,,
1265,,Kepler-124 b,,
1266,,Kepler-124 c,,
1267,,Kepler-124 d,,
1268,614,Kepler-1240 b,,
1269,936,Kepler-1241 b,,
1270,682,Kepler-1242 b,,
1271,877,Kepler-1243 b,,
1272,764,Kepler-1244 b,,
1273,861,Kepler-1245 b,,
1274,861,Kepler-1245 c,,
1275,435,Kepler-1246 b,,
1276,1094,Kepler-1247 b,,
1277,540,Kepler-1248 b,,
1278,1674,Kepler-1249 b,,
1279,,Kepler-125 b,,
1280,,Kepler-125 c,,
1281,1371,Kepler-1250 b,,
1282,863,Kepler-1251 b,,
1283,828,Kepler-1252 b,,
1284,390,Kepler-1253 b,,
1285,676,Kepler-1254 b,,
1286,676,Kepler-1254 c,,
1287,676,Kepler-1254 d,,
1288,1344,Kepler-1255 b,,
1289,862,Kepler-1256 b,,
1290,1081,Kepler-1257 b,,
1291,651,Kepler-1258 b,,
1292,704,Kepler-1259 b,,
1293,,Kepler-126 b,,
1294,,Kepler-126 c,,
1295,,Kepler-126 d,,
1296,1041,Kepler-1260 b,,
1297,795,Kepler-1261 b,,
1298,1153,Kepler-1262 b,,
1299,695,Kepler-1263 b,,
1300,814,Kepler-1264 b,,
1301,581,Kepler-1265 b,,
1302,901,Kepler-1266 b,,
1303,1628,Kepler-1267 b,,
1304,1406,Kepler-1268 b,,
1305,710,Kepler-1269 b,,
1306,,Kepler-127 b,,
1307,,Kepler-127 c,,
1308,,Kepler-127 d,,
1309,1204,Kepler-1270 b,,
1310,885,Kepler-1271 b,,
1311,896,Kepler-1272 b,,
1312,1355,Kepler-1273 b,,
1313,609,Kepler-1274 b,,
1314,1280,Kepler-1275 b,,
1315,587,Kepler-1276 b,,
1316,606,Kepler-1277 b,,
1317,743,Kepler-1278 b,,
1318,1017,Kepler-1279 b,,
1319,,Kepler-128 b,6,
1320,,Kepler-128 c,3.3,
1321,1006,Kepler-1280 b,,
1322,1090,Kepler-1281 b,,
1323,1126,Kepler-1282 b,,
1324,1452,Kepler-1283 b,,
1325,852,Kepler-1284 b,,
1326,364,Kepler-1285 b,,
1327,1150,Kepler-1286 b,,
1328,1027,Kepler-1287 b,,
1329,715,Kepler-1288 b,,
1330,1059,Kepler-1289 b,,
1331,,Kepler-129 b,,
1332,,Kepler-129 c,,
1333,1321,Kepler-1290 b,,
1334,982,Kepler-1291 b,,
1335,1406,Kepler-1292 b,,
1336,770,Kepler-1293 b,,
1337,1120,Kepler-1294 b,,
1338,1257,Kepler-1295 b,,
1339,631,Kepler-1296 b,,
1340,996,Kepler-1297 b,,
1341,498,Kepler-1298 b,,
1342,1352,Kepler-1299 b,,
1343,,Kepler-130 b,,
1344,,Kepler-130 c,,
1345,,Kepler-130 d,,
1346,757,Kepler-1300 b,,
1347,816,Kepler-1301 b,,
1348,727,Kepler-1302 b,,
1349,905,Kepler-1303 b,,
1350,682,Kepler-1304 b,,
1351,1343,Kepler-1305 b,,
1352,1130,Kepler-1306 b,,
1353,1396,Kepler-1307 b,,
1354,73,Kepler-1308 b,,
1355,845,Kepler-1309 b,,
1356,,Kepler-131 b,3.5,
1357,,Kepler-131 c,5.9,
1358,583,Kepler-1310 b,,
1359,705,Kepler-1311 b,,
1360,705,Kepler-1311 c,,
1361,305,Kepler-1312 b,,
1362,187,Kepler-1313 b,,
1363,462,Kepler-1314 b,,
1364,505,Kepler-1315 b,,
1365,753,Kepler-1316 b,,
1366,734,Kepler-1317 b,,
1367,475,Kepler-1318 b,,
1368,114,Kepler-1319 b,,
1369,,Kepler-132 b,,
1370,,Kepler-132 c,,
1371,,Kepler-132 d,,
1372,,Kepler-132 e,,
1373,771,Kepler-1320 b,,
1374,547,Kepler-1321 b,,
1375,547,Kepler-1321 c,,
1376,1217,Kepler-1322 b,,
1377,530,Kepler-1323 b,,
1378,522,Kepler-1324 b,,
1379,955,Kepler-1325 b,,
1380,910,Kepler-1326 b,,
1381,688,Kepler-1327 b,,
1382,630,Kepler-1328 b,,
1383,624,Kepler-1329 b,,
1384,,Kepler-133 b,,
1385,,Kepler-133 c,,
1386,939,Kepler-1330 b,,
1387,365,Kepler-1331 b,,
1388,515,Kepler-1332 b,,
1389,958,Kepler-1333 b,,
1390,1047,Kepler-1334 b,,
1391,628,Kepler-1335 b,,
1392,822,Kepler-1336 b,,
1393,822,Kepler-1336 c,,
1394,588,Kepler-1337 b,,
1395,619,Kepler-1338 b,,
1396,267,Kepler-1339 b,,
1397,,Kepler-134 b,,
1398,,Kepler-134 c,,
1399,1421,Kepler-1340 b,,
1400,466,Kepler-1341 b,,
1401,941,Kepler-1342 b,,
1402,1307,Kepler-1343 b,,
1403,851,Kepler-1344 b,,
1404,1164,Kepler-1345 b,,
1405,1123,Kepler-1346 b,,
1406,321,Kepler-1347 b,,
1407,1033,Kepler-1348 b,,
1408,260,Kepler-1349 b,,
1409,,Kepler-135 b,,
1410,,Kepler-135 c,,
1411,350,Kepler-1350 b,,
1412,350,Kepler-1350 c,,
1413,241,Kepler-1351 b,,
1414,637,Kepler-1352 b,,
1415,596,Kepler-1353 b,,
1416,1057,Kepler-1354 b,,
1417,963,Kepler-1355 b,,
1418,881,Kepler-1356 b,,
1419,1026,Kepler-1357 b,,
1420,558,Kepler-1358 b,,
1421,669,Kepler-1359 b,,
1422,,Kepler-136 b,,
1423,,Kepler-136 c,,
1424,1405,Kepler-1360 b,,
1425,404,Kepler-1361 b,,
1426,767,Kepler-1362 b,,
1427,559,Kepler-1363 b,,
1428,1149,Kepler-1364 b,,
1429,541,Kepler-1365 b,,
1430,541,Kepler-1365 c,,
1431,395,Kepler-1366 b,,
1432,357,Kepler-1367 b,,
1433,1750,Kepler-1368 b,,
1434,1236,Kepler-1369 b,,
1435,,Kepler-137 b,,
1436,,Kepler-137 c,,
1437,878,Kepler-1370 b,,
1438,878,Kepler-1370 c,,
1439,450,Kepler-1371 b,,
1440,450,Kepler-1371 c,,
1441,1161,Kepler-1372 b,,
1442,1112,Kepler-1373 b,,
1443,1135,Kepler-1374 b,,
1444,1238,Kepler-1375 b,,
1445,864,Kepler-1376 b,,
1446,1019,Kepler-1377 b,,
1447,562,Kepler-1378 b,,
1448,951,Kepler-1379 b,,
1449,,Kepler-138 b,0.059,
1450,,Kepler-138 c,1.912,
1451,,Kepler-138 d,0.674,
1452,1209,Kepler-1380 b,,
1453,1306,Kepler-1381 b,,
1454,730,Kepler-1382 b,,
1455,961,Kepler-1383 b,,
1456,618,Kepler-1384 b,,
1457,527,Kepler-1385 b,,
1458,838,Kepler-1386 b,,
1459,491,Kepler-1387 b,,
1460,492,Kepler-1388 b,,
1461,492,Kepler-1388 c,,
1462,492,Kepler-1388 d,,
1463,492,Kepler-1388 e,,
1464,521,Kepler-1389 b,,
1465,,Kepler-139 b,,
1466,,Kepler-139 c,,
1467,760,Kepler-1390 b,,
1468,721,Kepler-1391 b,,
1469,1117,Kepler-1392 b,,
1470,462,Kepler-1393 b,,
1471,820,Kepler-1394 b,,
1472,507,Kepler-1395 b,,
1473,1236,Kepler-1396 b,,
1474,770,Kepler-1397 b,,
1475,793,Kepler-1398 b,,
1476,793,Kepler-1398 c,,
1477,1256,Kepler-1399 b,,
1478,980,Kepler-14 b,111.24,
1479,,Kepler-140 b,,
1480,,Kepler-140 c,,
1481,879,Kepler-1400 b,,
1482,1242,Kepler-1401 b,,
1483,681,Kepler-1402 b,,
1484,1801,Kepler-1403 b,,
1485,946,Kepler-1404 b,,
1486,1605,Kepler-1405 b,,
1487,587,Kepler-1406 b,,
1488,1275,Kepler-1407 b,,
1489,426,Kepler-1408 b,,
1490,722,Kepler-1409 b,,
1491,,Kepler-141 b,,
1492,,Kepler-141 c,,
1493,367,Kepler-1410 b,,
1494,1431,Kepler-1411 b,,
1495,639,Kepler-1412 b,,
1496,1162,Kepler-1413 b,,
1497,534,Kepler-1414 b,,
1498,1066,Kepler-1415 b,,
1499,807,Kepler-1416 b,,
1500,656,Kepler-1417 b,,
1501,499,Kepler-1418 b,,
1502,1444,Kepler-1419 b,,
1503,,Kepler-142 b,,
1504,,Kepler-142 c,,
1505,,Kepler-142 d,,
1506,923,Kepler-1420 b,,
1507,675,Kepler-1421 b,,
1508,2081,Kepler-1422 b,,
1509,449,Kepler-1423 b,,
1510,620,Kepler-1424 b,,
1511,499,Kepler-1425 b,,
1512,1211,Kepler-1426 b,,
1513,1220,Kepler-1427 b,,
1514,802,Kepler-1428 b,,
1515,1156,Kepler-1429 b,,
1516,,Kepler-143 b,,
1517,,Kepler-143 c,,
1518,541,Kepler-1430 b,,
1519,1270,Kepler-1431 b,,
1520,1552,Kepler-1432 b,,
1521,1328,Kepler-1433 b,,
1522,680,Kepler-1434 b,,
1523,681,Kepler-1435 b,,
1524,1142,Kepler-1436 b,,
1525,1182,Kepler-1437 b,,
1526,866,Kepler-1438 b,,
1527,215,Kepler-1439 b,,
1528,,Kepler-144 b,,
1529,,Kepler-144 c,,
1530,685,Kepler-1440 b,,
1531,751,Kepler-1441 b,,
1532,525,Kepler-1442 b,,
1533,475,Kepler-1443 b,,
1534,340,Kepler-1444 b,,
1535,482,Kepler-1445 b,,
1536,162,Kepler-1446 b,,
1537,871,Kepler-1447 b,,
1538,786,Kepler-1448 b,,
1539,1321,Kepler-1449 b,,
1540,,Kepler-145 b,11.6,
1541,,Kepler-145 c,16.4,
1542,490,Kepler-1450 b,,
1543,1159,Kepler-1451 b,,
1544,974,Kepler-1452 b,,
1545,1284,Kepler-1453 b,,
1546,795,Kepler-1454 b,,
1547,392,Kepler-1455 b,,
1548,379,Kepler-1456 b,,
1549,728,Kepler-1457 b,,
1550,642,Kepler-1458 b,,
1551,435,Kepler-1459 b,,
1552,,Kepler-146 b,,
1553,,Kepler-146 c,,
1554,574,Kepler-1460 b,,
1555,752,Kepler-1461 b,,
1556,1368,Kepler-1462 b,,
1557,1341,Kepler-1463 b,,
1558,692,Kepler-1464 b,,
1559,692,Kepler-1464 c,,
1560,350,Kepler-1465 b,,
1561,686,Kepler-1466 b,,
1562,890,Kepler-1467 b,,
1563,1130,Kepler-1468 b,,
1564,1130,Kepler-1468 c,,
1565,1255,Kepler-1469 b,,
1566,,Kepler-147 b,,
1567,,Kepler-147 c,,
1568,569,Kepler-1470 b,,
1569,1059,Kepler-1471 b,,
1570,1269,Kepler-1472 b,,
1571,625,Kepler-1473 b,,
1572,1214,Kepler-1474 b,,
1573,1714,Kepler-1475 b,,
1574,1218,Kepler-1476 b,,
1575,525,Kepler-1477 b,,
1576,1405,Kepler-1478 b,,
1577,619,Kepler-1479 b,,
1578,,Kepler-148 b,,
1579,,Kepler-148 c,,
1580,,Kepler-148 d,,
1581,540,Kepler-1480 b,,
1582,493,Kepler-1481 b,,
1583,442,Kepler-1482 b,,
1584,1327,Kepler-1483 b,,
1585,1095,Kepler-1484 b,,
1586,550,Kepler-1485 b,,
1587,1465,Kepler-1486 b,,
1588,1094,Kepler-1487 b,,
1589,618,Kepler-1488 b,,
1590,870,Kepler-1489 b,,
1591,,Kepler-149 b,,
1592,,Kepler-149 c,,
1593,,Kepler-149 d,,
1594,968,Kepler-1490 b,,
1595,1312,Kepler-1491 b,,
1596,371,Kepler-1492 b,,
1597,572,Kepler-1493 b,,
1598,1059,Kepler-1494 b,,
1599,1307,Kepler-1495 b,,
1600,1293,Kepler-1496 b,,
1601,1122,Kepler-1497 b,,
1602,740,Kepler-1498 b,,
1603,310,Kepler-1499 b,,
1604,,Kepler-15 b,25.43,
1605,927,Kepler-150 b,,
1606,927,Kepler-150 c,,
1607,927,Kepler-150 d,,
1608,927,Kepler-150 e,,
1609,927,Kepler-150 f,,
1610,904,Kepler-1500 b,,
1611,888,Kepler-1501 b,,
1612,1540,Kepler-1502 b,,
1613,850,Kepler-1503 b,,
1614,1029,Kepler-1504 b,,
1615,359,Kepler-1505 b,,
1616,1318,Kepler-1506 b,,
1617,342,Kepler-1507 b,,
1618,892,Kepler-1508 b,,
1619,1277,Kepler-1509 b,,
1620,,Kepler-151 b,,
1621,,Kepler-151 c,,
1622,1615,Kepler-1510 b,,
1623,897,Kepler-1511 b,,
1624,162,Kepler-1512 b,,
1625,384,Kepler-1513 b,,
1626,379,Kepler-1514 b,,
1627,504,Kepler-1515 b,,
1628,872,Kepler-1516 b,,
1629,869,Kepler-1517 b,,
1630,1140,Kepler-1518 b,,
1631,858,Kepler-1519 b,,
1632,,Kepler-152 b,,
1633,,Kepler-152 c,,
1634,636,Kepler-1520 b,,
1635,227,Kepler-1521 b,,
1636,690,Kepler-1522 b,,
1637,918,Kepler-1523 b,,
1638,506,Kepler-1524 b,,
1639,396,Kepler-1525 b,,
1640,576,Kepler-1526 b,,
1641,1560,Kepler-1527 b,,
1642,916,Kepler-1528 b,,
1643,683,Kepler-1529 b,,
1644,,Kepler-153 b,,
1645,,Kepler-153 c,,
1646,552,Kepler-1530 b,,
1647,552,Kepler-1530 c,,
1648,670,Kepler-1531 b,,
1649,824,Kepler-1532 b,,
1650,852,Kepler-1533 b,,
1651,1107,Kepler-1534 b,,
1652,879,Kepler-1535 b,,
1653,401,Kepler-1536 b,,
1654,503,Kepler-1537 b,,
1655,1291,Kepler-1538 b,,
1656,788,Kepler-1539 b,,
1657,,Kepler-154 b,,
1658,,Kepler-154 c,,
1659,,Kepler-154 d,,
1660,,Kepler-154 e,,
1661,,Kepler-154 f,,
1662,262,Kepler-1540 b,,
1663,414,Kepler-1541 b,,
1664,336,Kepler-1542 b,,
1665,336,Kepler-1542 c,,
1666,336,Kepler-1542 d,,
1667,336,Kepler-1542 e,,
1668,1114,Kepler-1543 b,,
1669,349,Kepler-1544 b,,
1670,688,Kepler-1545 b,,
1671,994,Kepler-1546 b,,
1672,665,Kepler-1547 b,,
1673,1150,Kepler-1548 b,,
1674,792,Kepler-1549 b,,
1675,,Kepler-155 b,,
1676,,Kepler-155 c,,
1677,1202,Kepler-1550 b,,
1678,1560,Kepler-1551 b,,
1679,618,Kepler-1552 b,,
1680,719,Kepler-1553 b,,
1681,982,Kepler-1554 b,,
1682,1382,Kepler-1555 b,,
1683,1060,Kepler-1556 b,,
1684,1532,Kepler-1557 b,,
1685,343,Kepler-1558 b,,
1686,580,Kepler-1559 b,,
1687,,Kepler-156 b,,
1688,,Kepler-156 c,,
1689,529,Kepler-1560 b,,
1690,993,Kepler-1561 b,,
1691,1315,Kepler-1562 b,,
1692,547,Kepler-1563 b,,
1693,872,Kepler-1564 b,,
1694,657,Kepler-1565 b,,
1695,511,Kepler-1566 b,,
1696,1226,Kepler-1567 b,,
1697,883,Kepler-1568 b,,
1698,1050,Kepler-1569 b,,
1699,,Kepler-157 b,,
1700,,Kepler-157 c,,
1701,,Kepler-157 d,,
1702,463,Kepler-1570 b,,
1703,802,Kepler-1571 b,,
1704,600,Kepler-1572 b,,
1705,1180,Kepler-1573 b,,
1706,1275,Kepler-1574 b,,
1707,1170,Kepler-1575 b,,
1708,539,Kepler-1576 b,,
1709,543,Kepler-1577 b,,
1710,1016,Kepler-1578 b,,
1711,466,Kepler-1579 b,,
1712,,Kepler-158 b,,
1713,,Kepler-158 c,,
1714,872,Kepler-1580 b,,
1715,443,Kepler-1581 b,,
1716,112,Kepler-1582 b,,
1717,357,Kepler-1583 b,,
1718,1325,Kepler-1584 b,,
1719,1269,Kepler-1585 b,,
1720,864,Kepler-1586 b,,
1721,907,Kepler-1587 b,,
1722,658,Kepler-1588 b,,
1723,1418,Kepler-1589 b,,
1724,,Kepler-159 b,,
1725,,Kepler-159 c,,
1726,900,Kepler-1590 b,,
1727,1090,Kepler-1591 b,,
1728,1349,Kepler-1592 b,,
1729,755,Kepler-1593 b,,
1730,1100,Kepler-1594 b,,
1731,841,Kepler-1595 b,,
1732,1166,Kepler-1596 b,,
1733,1255,Kepler-1597 b,,
1734,734,Kepler-1598 b,,
1735,1004,Kepler-1599 b,,
1736,61,Kepler-16 b,5.085,
1737,,Kepler-160 b,,
1738,,Kepler-160 c,,
1739,992,Kepler-1600 b,,
1740,660,Kepler-1601 b,,
1741,815,Kepler-1602 b,,
1742,1751,Kepler-1603 b,,
1743,562,Kepler-1604 b,,
1744,224,Kepler-1605 b,,
1745,880,Kepler-1606 b,,
1746,735,Kepler-1607 b,,
1747,832,Kepler-1608 b,,
1748,1483,Kepler-1609 b,,
1749,,Kepler-161 b,,
1750,,Kepler-161 c,,
1751,1063,Kepler-1610 b,,
1752,686,Kepler-1611 b,,
1753,837,Kepler-1612 b,,
1754,855,Kepler-1613 b,,
1755,982,Kepler-1614 b,,
1756,940,Kepler-1615 b,,
1757,862,Kepler-1616 b,,
1758,813,Kepler-1617 b,,
1759,1238,Kepler-1618 b,,
1760,520,Kepler-1619 b,,
1761,,Kepler-162 b,,
1762,,Kepler-162 c,,
1763,773,Kepler-1620 b,,
1764,1461,Kepler-1621 b,,
1765,927,Kepler-1622 b,,
1766,986,Kepler-1623 b,,
1767,199,Kepler-1624 b,,
1768,1213,Kepler-1625 b,,
1769,1718,Kepler-1626 b,,
1770,311,Kepler-1627 b,,
1771,352,Kepler-1628 b,,
1772,390,Kepler-1629 b,,
1773,,Kepler-163 b,,
1774,,Kepler-163 c,,
1775,278,Kepler-1630 b,,
1776,1190,Kepler-1631 b,,
1777,584,Kepler-1632 b,,
1778,811,Kepler-1633 b,,
1779,654,Kepler-1634 b,,
1780,1084,Kepler-1635 b,,
1781,1567,Kepler-1636 b,,
1782,506,Kepler-1637 b,,
1783,879,Kepler-1638 b,,
1784,1168,Kepler-1639 b,,
1785,,Kepler-164 b,,
1786,,Kepler-164 c,,
1787,,Kepler-164 d,,
1788,1379,Kepler-1640 b,,
1789,961,Kepler-1641 b,,
1790,961,Kepler-1641 c,,
1791,447,Kepler-1642 b,,
1792,447,Kepler-1642 c,,
1793,414,Kepler-1643 b,,
1794,592,Kepler-1644 b,,
1795,844,Kepler-1645 b,,
1796,81,Kepler-1646 b,,
1797,,Kepler-1647 b,206,
1798,,Kepler-1649 b,,
1799,,Kepler-165 b,,
1800,,Kepler-165 c,,
1801,120.5,Kepler-1650 b,,
1802,69.4,Kepler-1651 b,,
1803,,Kepler-166 b,,
1804,,Kepler-166 c,,
1805,,Kepler-166 d,,
1806,330,Kepler-167 b,,
1807,330,Kepler-167 c,,
1808,330,Kepler-167 d,,
1809,330,Kepler-167 e,,
1810,,Kepler-168 b,,
1811,,Kepler-168 c,,
1812,,Kepler-169 b,,
1813,,Kepler-169 c,,
1814,,Kepler-169 d,,
1815,,Kepler-169 e,,
1816,,Kepler-169 f,,
1817,800,Kepler-17 b,34.96,
1818,,Kepler-170 b,,
1819,,Kepler-170 c,,
1820,,Kepler-171 b,,
1821,,Kepler-171 c,,
1822,,Kepler-171 d,,
1823,,Kepler-172 b,,
1824,,Kepler-172 c,,
1825,,Kepler-172 d,,
1826,,Kepler-172 e,,
1827,,Kepler-173 b,,
1828,,Kepler-173 c,,
1829,,Kepler-174 b,,
1830,,Kepler-174 c,,
1831,,Kepler-174 d,,
1832,,Kepler-175 b,,
1833,,Kepler-175 c,,
1834,,Kepler-176 b,,
1835,,Kepler-176 c,,
1836,,Kepler-176 d,,
1837,,Kepler-176 e,,
1838,,Kepler-177 b,0.5,
1839,,Kepler-177 c,3.5,
1840,,Kepler-178 b,,
1841,,Kepler-178 c,,
1842,,Kepler-178 d,,
1843,,Kepler-179 b,,
1844,,Kepler-179 c,,
1845,,Kepler-18 b,3.4,
1846,,Kepler-18 c,1.9,
1847,,Kepler-18 d,1.4,
1848,,Kepler-180 b,,
1849,,Kepler-180 c,,
1850,,Kepler-181 b,,
1851,,Kepler-181 c,,
1852,,Kepler-182 b,,
1853,,Kepler-182 c,,
1854,,Kepler-183 b,,
1855,,Kepler-183 c,,
1856,,Kepler-184 b,,
1857,,Kepler-184 c,,
1858,,Kepler-184 d,,
1859,,Kepler-185 b,,
1860,,Kepler-185 c,,
1861,172,Kepler-186 b,,
1862,172,Kepler-186 c,,
1863,172,Kepler-186 d,,
1864,172,Kepler-186 e,,
1865,172,Kepler-186 f,,
1866,,Kepler-187 b,,
1867,,Kepler-187 c,,
1868,,Kepler-188 b,,
1869,,Kepler-188 c,,
1870,,Kepler-189 b,,
1871,,Kepler-189 c,,
1872,2119,Kepler-19 b,1.6,
1873,2119,Kepler-19 c,2.7,
1874,2119,Kepler-19 d,1.2,
1875,,Kepler-190 b,,
1876,,Kepler-190 c,,
1877,,Kepler-191 b,,
1878,,Kepler-191 c,,
1879,,Kepler-191 d,,
1880,,Kepler-192 b,,
1881,,Kepler-192 c,,
1882,,Kepler-192 d,,
1883,,Kepler-193 b,,
1884,,Kepler-193 c,,
1885,,Kepler-194 b,,
1886,,Kepler-194 c,,
1887,,Kepler-194 d,,
1888,,Kepler-195 b,,
1889,,Kepler-195 c,,
1890,,Kepler-196 b,,
1891,,Kepler-196 c,,
1892,,Kepler-197 b,,
1893,,Kepler-197 c,,
1894,,Kepler-197 d,,
1895,,Kepler-197 e,,
1896,,Kepler-198 b,,
1897,,Kepler-198 c,,
1898,,Kepler-198 d,,
1899,,Kepler-199 b,,
1900,,Kepler-199 c,,
1901,290,Kepler-20 b,1.41,
1902,290,Kepler-20 c,2.17,
1903,290,Kepler-20 d,3.97,
1904,290,Kepler-20 e,,
1905,290,Kepler-20 f,,
1906,290,Kepler-20 g,,
1907,,Kepler-200 b,,
1908,,Kepler-200 c,,
1909,,Kepler-201 b,,
1910,,Kepler-201 c,,
1911,,Kepler-202 b,,
1912,,Kepler-202 c,,
1913,,Kepler-203 b,,
1914,,Kepler-203 c,,
1915,,Kepler-203 d,,
1916,,Kepler-204 b,,
1917,,Kepler-204 c,,
1918,,Kepler-205 b,,
1919,,Kepler-205 c,,
1920,,Kepler-206 b,,
1921,,Kepler-206 c,,
1922,,Kepler-206 d,,
1923,,Kepler-207 b,,
1924,,Kepler-207 c,,
1925,,Kepler-207 d,,
1926,,Kepler-208 b,,
1927,,Kepler-208 c,,
1928,,Kepler-208 d,,
1929,,Kepler-208 e,,
1930,,Kepler-209 b,,
1931,,Kepler-209 c,,
1932,113,Kepler-21 b,1.72,
1933,,Kepler-210 b,,
1934,,Kepler-210 c,,
1935,,Kepler-211 b,,
1936,,Kepler-211 c,,
1937,,Kepler-212 b,,
1938,,Kepler-212 c,,
1939,,Kepler-213 b,,
1940,,Kepler-213 c,,
1941,,Kepler-214 b,,
1942,,Kepler-214 c,,
1943,,Kepler-215 b,,
1944,,Kepler-215 c,,
1945,,Kepler-215 d,,
1946,,Kepler-215 e,,
1947,,Kepler-216 b,,
1948,,Kepler-216 c,,
1949,,Kepler-217 b,,
1950,,Kepler-217 c,,
1951,,Kepler-217 d,,
1952,,Kepler-218 b,,
1953,,Kepler-218 c,,
1954,,Kepler-218 d,,
1955,,Kepler-219 b,,
1956,,Kepler-219 c,,
1957,,Kepler-219 d,,
1958,190,Kepler-22 b,,
1959,,Kepler-220 b,,
1960,,Kepler-220 c,,
1961,,Kepler-220 d,,
1962,,Kepler-220 e,,
1963,,Kepler-221 b,,
1964,,Kepler-221 c,,
1965,,Kepler-221 d,,
1966,,Kepler-221 e,,
1967,,Kepler-222 b,,
1968,,Kepler-222 c,,
1969,,Kepler-222 d,,
1970,,Kepler-223 b,1.3,
1971,,Kepler-223 c,1.7,
1972,,Kepler-223 d,1.5,
1973,,Kepler-223 e,1.4,
1974,,Kepler-224 b,,
1975,,Kepler-224 c,,
1976,,Kepler-224 d,,
1977,,Kepler-224 e,,
1978,,Kepler-225 b,,
1979,,Kepler-225 c,,
1980,,Kepler-226 b,,
1981,,Kepler-226 c,,
1982,,Kepler-226 d,,
1983,,Kepler-227 b,,
1984,,Kepler-227 c,,
1985,,Kepler-228 b,,
1986,,Kepler-228 c,,
1987,,Kepler-228 d,,
1988,,Kepler-229 b,,
1989,,Kepler-229 c,,
1990,,Kepler-229 d,,
1991,800,Kepler-23 b,,
1992,800,Kepler-23 c,,
1993,800,Kepler-23 d,,
1994,,Kepler-230 b,,
1995,,Kepler-230 c,,
1996,,Kepler-231 b,,
1997,,Kepler-231 c,,
1998,,Kepler-232 b,,
1999,,Kepler-232 c,,
2000,,Kepler-233 b,,
2001,,Kepler-233 c,,
2002,,Kepler-234 b,,
2003,,Kepler-234 c,,
2004,,Kepler-235 b,,
2005,,Kepler-235 c,,
2006,,Kepler-235 d,,
2007,,Kepler-235 e,,
2008,,Kepler-236 b,,
2009,,Kepler-236 c,,
2010,,Kepler-237 b,,
2011,,Kepler-237 c,,
2012,,Kepler-238 b,,
2013,,Kepler-238 c,,
2014,,Kepler-238 d,,
2015,,Kepler-238 e,71.7,
2016,,Kepler-238 f,2.9,
2017,,Kepler-239 b,,
2018,,Kepler-239 c,,
2019,1200,Kepler-24 b,,
2020,1200,Kepler-24 c,,
2021,1200,Kepler-24 d,,
2022,1200,Kepler-24 e,,
2023,,Kepler-240 b,,
2024,,Kepler-240 c,,
2025,,Kepler-241 b,,
2026,,Kepler-241 c,,
2027,,Kepler-242 b,,
2028,,Kepler-242 c,,
2029,,Kepler-243 b,,
2030,,Kepler-243 c,,
2031,,Kepler-244 b,,
2032,,Kepler-244 c,,
2033,,Kepler-244 d,,
2034,,Kepler-245 b,,
2035,,Kepler-245 c,,
2036,,Kepler-245 d,,
2037,,Kepler-245 e,,
2038,,Kepler-246 b,,
2039,,Kepler-246 c,,
2040,,Kepler-247 b,,
2041,,Kepler-247 c,,
2042,,Kepler-247 d,,
2043,,Kepler-248 b,,
2044,,Kepler-248 c,,
2045,,Kepler-249 b,,
2046,,Kepler-249 c,,
2047,,Kepler-249 d,,
2048,,Kepler-25 b,4.2,
2049,,Kepler-25 c,5.7,
2050,,Kepler-25 d,13.7,
2051,,Kepler-250 b,,
2052,,Kepler-250 c,,
2053,,Kepler-250 d,,
2054,,Kepler-251 b,,
2055,,Kepler-251 c,,
2056,,Kepler-251 d,,
2057,,Kepler-251 e,,
2058,,Kepler-252 b,,
2059,,Kepler-252 c,,
2060,,Kepler-253 b,,
2061,,Kepler-253 c,,
2062,,Kepler-253 d,,
2063,,Kepler-254 b,,
2064,,Kepler-254 c,,
2065,,Kepler-254 d,,
2066,,Kepler-255 b,,
2067,,Kepler-255 c,,
2068,,Kepler-255 d,,
2069,,Kepler-256 b,,
2070,,Kepler-256 c,,
2071,,Kepler-256 d,,
2072,,Kepler-256 e,,
2073,,Kepler-257 b,,
2074,,Kepler-257 c,,
2075,,Kepler-257 d,,
2076,,Kepler-258 b,,
2077,,Kepler-258 c,,
2078,,Kepler-259 b,,
2079,,Kepler-259 c,,
2080,,Kepler-26 b,0.65,
2081,,Kepler-26 c,0.65,
2082,,Kepler-26 d,,
2083,,Kepler-26 e,,
2084,,Kepler-260 b,,
2085,,Kepler-260 c,,
2086,,Kepler-261 b,,
2087,,Kepler-261 c,,
2088,,Kepler-262 b,,
2089,,Kepler-262 c,,
2090,,Kepler-263 b,,
2091,,Kepler-263 c,,
2092,,Kepler-264 b,,
2093,,Kepler-264 c,,
2094,,Kepler-265 b,,
2095,,Kepler-265 c,,
2096,,Kepler-265 d,,
2097,,Kepler-265 e,,
2098,,Kepler-266 b,,
2099,,Kepler-266 c,,
2100,,Kepler-267 b,,
2101,,Kepler-267 c,,
2102,,Kepler-267 d,,
2103,,Kepler-268 b,,
2104,,Kepler-268 c,,
2105,,Kepler-269 b,,
2106,,Kepler-269 c,,
2107,,Kepler-27 b,,
2108,,Kepler-27 c,,
2109,,Kepler-270 b,,
2110,,Kepler-270 c,,
2111,,Kepler-271 b,,
2112,,Kepler-271 c,,
2113,,Kepler-271 d,,
2114,,Kepler-272 b,,
2115,,Kepler-272 c,,
2116,,Kepler-272 d,,
2117,,Kepler-273 b,,
2118,,Kepler-273 c,,
2119,,Kepler-274 b,,
2120,,Kepler-274 c,,
2121,,Kepler-275 b,,
2122,,Kepler-275 c,,
2123,,Kepler-275 d,,
2124,,Kepler-276 b,,
2125,,Kepler-276 c,4.4,
2126,,Kepler-276 d,5,
2127,,Kepler-277 b,41.7,
2128,,Kepler-277 c,18.1,
2129,,Kepler-278 b,,
2130,,Kepler-278 c,,
2131,,Kepler-279 b,,
2132,,Kepler-279 c,7.2,
2133,,Kepler-279 d,5.5,
2134,,Kepler-28 b,,
2135,,Kepler-28 c,,
2136,,Kepler-280 b,,
2137,,Kepler-280 c,,
2138,,Kepler-281 b,,
2139,,Kepler-281 c,,
2140,,Kepler-282 b,,
2141,,Kepler-282 c,,
2142,,Kepler-282 d,35.9,
2143,,Kepler-282 e,16.2,
2144,,Kepler-283 b,,
2145,,Kepler-283 c,,
2146,,Kepler-284 b,,
2147,,Kepler-284 c,,
2148,,Kepler-285 b,,
2149,,Kepler-285 c,,
2150,,Kepler-286 b,,
2151,,Kepler-286 c,,
2152,,Kepler-286 d,,
2153,,Kepler-286 e,,
2154,,Kepler-287 b,,
2155,,Kepler-287 c,,
2156,,Kepler-288 b,,
2157,,Kepler-288 c,,
2158,,Kepler-288 d,,
2159,700,Kepler-289 b,6.8,
2160,700,Kepler-289 c,17,
2161,700,Kepler-289 d,0.9,
2162,1400,Kepler-29 b,1.41,
2163,1400,Kepler-29 c,1.23,
2164,,Kepler-290 b,,
2165,,Kepler-290 c,,
2166,,Kepler-291 b,,
2167,,Kepler-291 c,,
2168,,Kepler-292 b,,
2169,,Kepler-292 c,,
2170,,Kepler-292 d,,
2171,,Kepler-292 e,,
2172,,Kepler-292 f,,
2173,,Kepler-293 b,,
2174,,Kepler-293 c,,
2175,,Kepler-294 b,,
2176,,Kepler-294 c,,
2177,,Kepler-295 b,,
2178,,Kepler-295 c,,
2179,,Kepler-295 d,,
2180,226,Kepler-296 b,,
2181,226,Kepler-296 c,,
2182,226,Kepler-296 d,,
2183,226,Kepler-296 e,,
2184,226,Kepler-296 f,,
2185,,Kepler-297 b,,
2186,,Kepler-297 c,,
2187,,Kepler-298 b,,
2188,,Kepler-298 c,,
2189,,Kepler-298 d,,
2190,,Kepler-299 b,,
2191,,Kepler-299 c,,
2192,,Kepler-299 d,,
2193,,Kepler-299 e,,
2194,1400,Kepler-30 b,1.4,
2195,1400,Kepler-30 c,50,
2196,1400,Kepler-30 d,2.7,
2197,,Kepler-300 b,,
2198,,Kepler-300 c,,
2199,,Kepler-301 b,,
2200,,Kepler-301 c,,
2201,,Kepler-301 d,,
2202,,Kepler-302 b,,
2203,,Kepler-302 c,,
2204,,Kepler-303 b,,
2205,,Kepler-303 c,,
2206,,Kepler-304 b,,
2207,,Kepler-304 c,,
2208,,Kepler-304 d,,
2209,,Kepler-304 e,,
2210,,Kepler-305 b,2.6,
2211,,Kepler-305 c,2.4,
2212,,Kepler-305 d,,
2213,,Kepler-306 b,,
2214,,Kepler-306 c,,
2215,,Kepler-306 d,,
2216,,Kepler-306 e,,
2217,,Kepler-307 b,0.91,
2218,,Kepler-307 c,0.65,
2219,,Kepler-308 b,,
2220,,Kepler-308 c,,
2221,,Kepler-309 b,,
2222,,Kepler-309 c,,
2223,2100,Kepler-31 b,,
2224,2100,Kepler-31 c,,
2225,2100,Kepler-31 d,,
2226,,Kepler-310 b,,
2227,,Kepler-310 c,,
2228,,Kepler-310 d,,
2229,,Kepler-311 b,,
2230,,Kepler-311 c,,
2231,,Kepler-312 b,,
2232,,Kepler-312 c,,
2233,,Kepler-313 b,,
2234,,Kepler-313 c,,
2235,,Kepler-314 b,,
2236,,Kepler-314 c,,
2237,,Kepler-315 b,,
2238,,Kepler-315 c,,
2239,,Kepler-316 b,,
2240,,Kepler-316 c,,
2241,,Kepler-317 b,,
2242,,Kepler-317 c,,
2243,,Kepler-318 b,,
2244,,Kepler-318 c,,
2245,,Kepler-319 b,,
2246,,Kepler-319 c,,
2247,,Kepler-319 d,,
2248,303,Kepler-32 b,,
2249,303,Kepler-32 c,,
2250,303,Kepler-32 d,,
2251,303,Kepler-32 e,,
2252,303,Kepler-32 f,,
2253,,Kepler-320 b,,
2254,,Kepler-320 c,,
2255,,Kepler-321 b,,
2256,,Kepler-321 c,,
2257,,Kepler-322 b,,
2258,,Kepler-322 c,,
2259,,Kepler-323 b,,
2260,,Kepler-323 c,,
2261,,Kepler-324 b,,
2262,,Kepler-324 c,,
2263,,Kepler-325 b,,
2264,,Kepler-325 c,,
2265,,Kepler-325 d,,
2266,,Kepler-326 b,,
2267,,Kepler-326 c,,
2268,,Kepler-326 d,,
2269,,Kepler-327 b,,
2270,,Kepler-327 c,,
2271,,Kepler-327 d,,
2272,,Kepler-328 b,12.9,
2273,,Kepler-328 c,13.6,
2274,,Kepler-329 b,,
2275,,Kepler-329 c,,
2276,,Kepler-33 b,,
2277,,Kepler-33 c,,
2278,,Kepler-33 d,,
2279,,Kepler-33 e,,
2280,,Kepler-33 f,,
2281,,Kepler-330 b,,
2282,,Kepler-330 c,,
2283,,Kepler-331 b,,
2284,,Kepler-331 c,,
2285,,Kepler-331 d,,
2286,,Kepler-332 b,,
2287,,Kepler-332 c,,
2288,,Kepler-332 d,,
2289,,Kepler-333 b,,
2290,,Kepler-333 c,,
2291,,Kepler-334 b,,
2292,,Kepler-334 c,,
2293,,Kepler-334 d,,
2294,,Kepler-335 b,,
2295,,Kepler-335 c,,
2296,,Kepler-336 b,,
2297,,Kepler-336 c,,
2298,,Kepler-336 d,,
2299,,Kepler-337 b,,
2300,,Kepler-337 c,,
2301,,Kepler-338 b,,
2302,,Kepler-338 c,,
2303,,Kepler-338 d,,
2304,,Kepler-338 e,7.2,
2305,,Kepler-339 b,,
2306,,Kepler-339 c,,
2307,,Kepler-339 d,,
2308,1499,Kepler-34 b,3.496,
2309,,Kepler-340 b,,
2310,,Kepler-340 c,,
2311,,Kepler-341 b,,
2312,,Kepler-341 c,,
2313,,Kepler-341 d,,
2314,,Kepler-341 e,,
2315,,Kepler-342 b,,
2316,,Kepler-342 c,,
2317,,Kepler-342 d,,
2318,,Kepler-342 e,,
2319,,Kepler-343 b,,
2320,,Kepler-343 c,,
2321,,Kepler-344 b,,
2322,,Kepler-344 c,,
2323,,Kepler-345 b,,
2324,,Kepler-345 c,,
2325,,Kepler-346 b,,
2326,,Kepler-346 c,,
2327,,Kepler-347 b,,
2328,,Kepler-347 c,,
2329,,Kepler-348 b,,
2330,,Kepler-348 c,,
2331,,Kepler-349 b,,
2332,,Kepler-349 c,,
2333,1645,Kepler-35 b,6.356,
2334,,Kepler-350 b,,
2335,,Kepler-350 c,3.3,
2336,,Kepler-350 d,5.3,
2337,,Kepler-351 b,,
2338,,Kepler-351 c,,
2339,,Kepler-351 d,,
2340,,Kepler-352 b,,
2341,,Kepler-352 c,,
2342,,Kepler-353 b,,
2343,,Kepler-353 c,,
2344,,Kepler-354 b,,
2345,,Kepler-354 c,,
2346,,Kepler-354 d,,
2347,,Kepler-355 b,,
2348,,Kepler-355 c,,
2349,,Kepler-356 b,,
2350,,Kepler-356 c,,
2351,,Kepler-357 b,,
2352,,Kepler-357 c,,
2353,,Kepler-357 d,,
2354,,Kepler-358 b,,
2355,,Kepler-358 c,,
2356,,Kepler-359 b,,
2357,,Kepler-359 c,,
2358,,Kepler-359 d,,
2359,470,Kepler-36 b,0.33,
2360,470,Kepler-36 c,0.6,
2361,,Kepler-360 b,,
2362,,Kepler-360 c,,
2363,,Kepler-361 b,,
2364,,Kepler-361 c,,
2365,,Kepler-362 b,,
2366,,Kepler-362 c,,
2367,,Kepler-363 b,,
2368,,Kepler-363 c,,
2369,,Kepler-363 d,,
2370,,Kepler-364 b,,
2371,,Kepler-364 c,,
2372,,Kepler-365 b,,
2373,,Kepler-365 c,,
2374,,Kepler-366 b,,
2375,,Kepler-366 c,,
2376,,Kepler-367 b,,
2377,,Kepler-367 c,,
2378,,Kepler-368 b,,
2379,,Kepler-368 c,,
2380,,Kepler-369 b,,
2381,,Kepler-369 c,,
2382,66,Kepler-37 b,,
2383,66,Kepler-37 c,,
2384,66,Kepler-37 d,,
2385,66,Kepler-37 e,,
2386,,Kepler-370 b,,
2387,,Kepler-370 c,,
2388,,Kepler-371 b,,
2389,,Kepler-371 c,,
2390,,Kepler-372 b,,
2391,,Kepler-372 c,,
2392,,Kepler-372 d,,
2393,,Kepler-373 b,,
2394,,Kepler-373 c,,
2395,,Kepler-374 b,,
2396,,Kepler-374 c,,
2397,,Kepler-374 d,,
2398,,Kepler-375 b,,
2399,,Kepler-375 c,,
2400,,Kepler-376 b,,
2401,,Kepler-376 c,,
2402,,Kepler-377 b,,
2403,,Kepler-377 c,,
2404,,Kepler-378 b,,
2405,,Kepler-378 c,,
2406,,Kepler-379 b,,
2407,,Kepler-379 c,,
2408,600,Kepler-38 b,,
2409,,Kepler-380 b,,
2410,,Kepler-380 c,,
2411,,Kepler-381 b,,
2412,,Kepler-381 c,,
2413,,Kepler-382 b,,
2414,,Kepler-382 c,,
2415,,Kepler-383 b,,
2416,,Kepler-383 c,,
2417,,Kepler-384 b,,
2418,,Kepler-384 c,,
2419,,Kepler-385 b,,
2420,,Kepler-385 c,,
2421,,Kepler-386 b,,
2422,,Kepler-386 c,,
2423,,Kepler-387 b,,
2424,,Kepler-387 c,,
2425,,Kepler-388 b,,
2426,,Kepler-388 c,,
2427,,Kepler-389 b,,
2428,,Kepler-389 c,,
2429,1200,Kepler-39 b,413.2,
2430,,Kepler-390 b,,
2431,,Kepler-390 c,,
2432,,Kepler-391 b,,
2433,,Kepler-391 c,,
2434,,Kepler-392 b,,
2435,,Kepler-392 c,,
2436,,Kepler-393 b,,
2437,,Kepler-393 c,,
2438,,Kepler-394 b,,
2439,,Kepler-394 c,,
2440,,Kepler-395 b,,
2441,,Kepler-395 c,,
2442,,Kepler-396 b,11.8,
2443,,Kepler-396 c,2.8,
2444,,Kepler-397 b,,
2445,,Kepler-397 c,,
2446,,Kepler-398 b,,
2447,,Kepler-398 c,,
2448,,Kepler-398 d,,
2449,,Kepler-399 b,,
2450,,Kepler-399 c,,
2451,,Kepler-399 d,,
2452,550,Kepler-4 b,3.814,
2453,2700,Kepler-40 b,127.1,
2454,,Kepler-400 b,,
2455,,Kepler-400 c,,
2456,,Kepler-401 b,,
2457,,Kepler-401 c,,
2458,,Kepler-401 d,,
2459,,Kepler-402 b,,
2460,,Kepler-402 c,,
2461,,Kepler-402 d,,
2462,,Kepler-402 e,,
2463,,Kepler-403 b,,
2464,,Kepler-403 c,,
2465,,Kepler-403 d,,
2466,,Kepler-404 b,,
2467,,Kepler-404 c,,
2468,,Kepler-405 b,,
2469,,Kepler-405 c,,
2470,,Kepler-406 b,1.4,
2471,,Kepler-406 c,1.8,
2472,,Kepler-407 b,,
2473,,Kepler-407 c,2000,
2474,,Kepler-408 b,,
2475,,Kepler-409 b,,
2476,770,Kepler-41 b,25.43,
2477,132,Kepler-410 A b,,
2478,,Kepler-411 b,,
2479,,Kepler-411 c,,
2480,1056,Kepler-412 b,39.72875,
2481,,Kepler-413 b,22,
2482,,Kepler-414 b,3.4,
2483,,Kepler-414 c,12.4,
2484,,Kepler-415 b,102.1,
2485,,Kepler-415 c,,
2486,,Kepler-416 b,53.4,
2487,,Kepler-416 c,,
2488,,Kepler-417 b,9.3,
2489,,Kepler-417 c,,
2490,,Kepler-418 b,,
2491,,Kepler-419 b,95.3,
2492,,Kepler-419 c,127.1,
2493,38.7,Kepler-42 b,,
2494,38.7,Kepler-42 c,,
2495,38.7,Kepler-42 d,,
2496,320,Kepler-421 b,,
2497,,Kepler-422 b,41.32,
2498,725,Kepler-423 b,25.743,
2499,,Kepler-424 b,41.32,
2500,,Kepler-424 c,,
2501,650,Kepler-425 b,25.43,
2502,880,Kepler-426 b,25.43,
2503,1100,Kepler-427 b,28.6,
2504,720,Kepler-428 b,60.39,
2505,1950,Kepler-43 b,82.6358,
2506,,Kepler-430 b,,
2507,,Kepler-430 c,,
2508,,Kepler-431 b,,
2509,,Kepler-431 c,,
2510,,Kepler-431 d,,
2511,870,Kepler-432 b,101.7056,
2512,870,Kepler-432 c,,
2513,1870,Kepler-433 b,165.26,
2514,1240,Kepler-434 b,111.24,
2515,2070,Kepler-435 b,47.67,
2516,618,Kepler-436 b,,
2517,618,Kepler-436 c,,
2518,417,Kepler-437 b,,
2519,145,Kepler-438 b,,
2520,693,Kepler-439 b,,
2521,2250,Kepler-44 b,31.78,
2522,261,Kepler-440 b,,
2523,284,Kepler-441 b,,
2524,342,Kepler-442 b,,
2525,779,Kepler-443 b,,
2526,35.7,Kepler-444 b,,
2527,35.7,Kepler-444 c,,
2528,35.7,Kepler-444 d,,
2529,35.7,Kepler-444 e,,
2530,35.7,Kepler-444 f,,
2531,90,Kepler-445 b,,
2532,90,Kepler-445 c,,
2533,90,Kepler-445 d,,
2534,120,Kepler-446 b,,
2535,120,Kepler-446 c,,
2536,120,Kepler-446 d,,
2537,,Kepler-447 b,152.55,
2538,,Kepler-449 b,,
2539,,Kepler-449 c,,
2540,333,Kepler-45 b,28.604,
2541,,Kepler-450 b,,
2542,,Kepler-450 c,,
2543,,Kepler-450 d,,
2544,,Kepler-452 b,,
2545,,Kepler-453 b,16,
2546,,Kepler-454 b,1.4,
2547,,Kepler-454 c,,
2548,,Kepler-458 c,,
2549,855,Kepler-46 b,,
2550,855,Kepler-46 c,6.674,
2551,855,Kepler-46 d,,
2552,,Kepler-460 c,,
2553,468,Kepler-461 b,,
2554,733,Kepler-462 b,,
2555,336,Kepler-463 b,,
2556,653,Kepler-464 b,,
2557,587,Kepler-465 b,,
2558,436,Kepler-466 b,,
2559,436,Kepler-466 c,,
2560,458,Kepler-467 b,,
2561,474,Kepler-468 b,,
2562,1500,Kepler-47 b,,
2563,1500,Kepler-47 c,,
2564,989,Kepler-470 b,,
2565,1373,Kepler-471 b,,
2566,302,Kepler-472 b,,
2567,641,Kepler-473 b,,
2568,568,Kepler-474 b,,
2569,280,Kepler-475 b,,
2570,687,Kepler-476 b,,
2571,367,Kepler-477 b,,
2572,420,Kepler-478 b,,
2573,371,Kepler-479 b,,
2574,,Kepler-48 b,2.1,
2575,,Kepler-48 c,2.3,
2576,,Kepler-48 d,4.6,
2577,,Kepler-48 e,25,
2578,806,Kepler-480 b,,
2579,713,Kepler-481 b,,
2580,290,Kepler-482 b,,
2581,953,Kepler-483 b,,
2582,377,Kepler-484 b,,
2583,1173,Kepler-485 b,,
2584,428,Kepler-486 b,,
2585,835,Kepler-487 b,,
2586,835,Kepler-487 c,,
2587,1157,Kepler-488 b,,
2588,379,Kepler-489 b,,
2589,,Kepler-49 b,,
2590,,Kepler-49 c,,
2591,,Kepler-49 d,,
2592,,Kepler-49 e,,
2593,1249,Kepler-490 b,,
2594,657,Kepler-491 b,,
2595,642,Kepler-492 b,,
2596,1942,Kepler-493 b,,
2597,862,Kepler-494 b,,
2598,630,Kepler-495 b,,
2599,655,Kepler-496 b,,
2600,1070,Kepler-497 b,,
2601,746,Kepler-498 b,,
2602,523,Kepler-499 b,,
2603,,Kepler-5 b,21.29461,
2604,,Kepler-50 b,,
2605,,Kepler-50 c,,
2606,747,Kepler-500 b,,
2607,1044,Kepler-501 b,,
2608,1433,Kepler-502 b,,
2609,888,Kepler-503 b,,
2610,75,Kepler-504 b,,
2611,222,Kepler-505 b,,
2612,231,Kepler-506 b,,
2613,410,Kepler-507 b,,
2614,325,Kepler-508 b,,
2615,339,Kepler-509 b,,
2616,,Kepler-51 b,1.5,
2617,,Kepler-51 c,0.4,
2618,,Kepler-51 d,1.1,
2619,378,Kepler-510 b,,
2620,448,Kepler-511 b,,
2621,531,Kepler-512 b,,
2622,467,Kepler-513 b,,
2623,489,Kepler-514 b,,
2624,255,Kepler-515 b,,
2625,777,Kepler-516 b,,
2626,284,Kepler-517 b,,
2627,324,Kepler-518 b,,
2628,234,Kepler-519 b,,
2629,,Kepler-52 b,,
2630,,Kepler-52 c,,
2631,,Kepler-52 d,,
2632,492,Kepler-520 b,,
2633,492,Kepler-520 c,,
2634,737,Kepler-521 b,,
2635,749,Kepler-522 b,,
2636,270,Kepler-523 b,,
2637,730,Kepler-524 b,,
2638,730,Kepler-524 c,,
2639,566,Kepler-525 b,,
2640,504,Kepler-526 b,,
2641,901,Kepler-527 b,,
2642,711,Kepler-528 b,,
2643,787,Kepler-529 b,,
2644,787,Kepler-529 c,,
2645,,Kepler-53 b,,
2646,,Kepler-53 c,,
2647,,Kepler-53 d,,
2648,464,Kepler-530 b,,
2649,254,Kepler-531 b,,
2650,325,Kepler-532 b,,
2651,305,Kepler-533 b,,
2652,473,Kepler-534 b,,
2653,678,Kepler-535 b,,
2654,446,Kepler-536 b,,
2655,465,Kepler-537 b,,
2656,165,Kepler-538 b,,
2657,313,Kepler-539 b,92.1707,
2658,313,Kepler-539 c,381.396,
2659,,Kepler-54 b,,
2660,,Kepler-54 c,,
2661,,Kepler-54 d,,
2662,350,Kepler-540 b,,
2663,1020,Kepler-541 b,,
2664,439,Kepler-542 b,,
2665,212,Kepler-543 b,,
2666,797,Kepler-544 b,,
2667,831,Kepler-545 b,,
2668,896,Kepler-546 b,,
2669,361,Kepler-547 b,,
2670,776,Kepler-548 b,,
2671,648,Kepler-549 b,,
2672,648,Kepler-549 c,,
2673,,Kepler-55 b,,
2674,,Kepler-55 c,,
2675,,Kepler-55 d,,
2676,,Kepler-55 e,,
2677,,Kepler-55 f,,
2678,563,Kepler-550 b,,
2679,312,Kepler-551 b,,
2680,834,Kepler-552 b,,
2681,725,Kepler-553 b,,
2682,725,Kepler-553 c,,
2683,642,Kepler-554 b,,
2684,772,Kepler-555 b,,
2685,729,Kepler-556 b,,
2686,1126,Kepler-557 b,,
2687,652,Kepler-558 b,,
2688,793,Kepler-559 b,,
2689,,Kepler-56 b,3.9,
2690,,Kepler-56 c,21,
2691,,Kepler-56 d,,
2692,88,Kepler-560 b,,
2693,667,Kepler-561 b,,
2694,667,Kepler-561 c,,
2695,822,Kepler-562 b,,
2696,557,Kepler-563 b,,
2697,830,Kepler-564 b,,
2698,1041,Kepler-565 b,,
2699,628,Kepler-566 b,,
2700,568,Kepler-567 b,,
2701,126,Kepler-568 b,,
2702,645,Kepler-569 b,,
2703,,Kepler-57 b,,
2704,,Kepler-57 c,,
2705,642,Kepler-570 b,,
2706,756,Kepler-571 b,,
2707,532,Kepler-572 b,,
2708,758,Kepler-573 b,,
2709,747,Kepler-574 b,,
2710,852,Kepler-575 b,,
2711,698,Kepler-576 b,,
2712,549,Kepler-577 b,,
2713,568,Kepler-578 b,,
2714,663,Kepler-579 b,,
2715,,Kepler-58 b,,
2716,,Kepler-58 c,,
2717,,Kepler-58 d,,
2718,333,Kepler-580 b,,
2719,833,Kepler-581 b,,
2720,751,Kepler-582 b,,
2721,805,Kepler-583 b,,
2722,1445,Kepler-584 b,,
2723,604,Kepler-585 b,,
2724,707,Kepler-586 b,,
2725,852,Kepler-587 b,,
2726,972,Kepler-588 b,,
2727,643,Kepler-589 b,,
2728,,Kepler-59 b,,
2729,,Kepler-59 c,,
2730,986,Kepler-590 b,,
2731,793,Kepler-591 b,,
2732,1034,Kepler-592 b,,
2733,1016,Kepler-593 b,,
2734,742,Kepler-594 b,,
2735,639,Kepler-595 b,,
2736,1083,Kepler-596 b,,
2737,660,Kepler-597 b,,
2738,686,Kepler-598 b,,
2739,627,Kepler-599 b,,
2740,,Kepler-6 b,12.07754,
2741,,Kepler-60 b,0.56,
2742,,Kepler-60 c,0.81,
2743,,Kepler-60 d,0.84,
2744,624,Kepler-600 b,,
2745,429,Kepler-601 b,,
2746,971,Kepler-602 b,,
2747,967,Kepler-603 b,,
2748,967,Kepler-603 c,,
2749,967,Kepler-603 d,,
2750,981,Kepler-604 b,,
2751,570,Kepler-605 b,,
2752,570,Kepler-605 c,,
2753,1208,Kepler-606 b,,
2754,500,Kepler-607 b,,
2755,926,Kepler-608 b,,
2756,1143,Kepler-609 b,,
2757,,Kepler-61 b,,
2758,1113,Kepler-610 b,,
2759,1113,Kepler-610 c,,
2760,906,Kepler-611 b,,
2761,932,Kepler-612 b,,
2762,864,Kepler-613 b,,
2763,571,Kepler-614 b,,
2764,330,Kepler-615 b,,
2765,1019,Kepler-616 b,,
2766,1019,Kepler-616 c,,
2767,150,Kepler-617 b,,
2768,1115,Kepler-618 b,,
2769,1111,Kepler-619 b,,
2770,1111,Kepler-619 c,,
2771,368,Kepler-62 b,,
2772,368,Kepler-62 c,,
2773,368,Kepler-62 d,,
2774,368,Kepler-62 e,,
2775,368,Kepler-62 f,,
2776,1241,Kepler-620 b,,
2777,389,Kepler-621 b,,
2778,259,Kepler-622 b,,
2779,811,Kepler-623 b,,
2780,731,Kepler-624 b,,
2781,502,Kepler-625 b,,
2782,502,Kepler-625 c,,
2783,690,Kepler-626 b,,
2784,1143,Kepler-627 b,,
2785,579,Kepler-628 b,,
2786,383,Kepler-629 b,,
2787,200,Kepler-63 b,,
2788,657,Kepler-630 b,,
2789,843,Kepler-631 b,,
2790,349,Kepler-632 b,,
2791,634,Kepler-633 b,,
2792,757,Kepler-634 b,,
2793,826,Kepler-635 b,,
2794,341,Kepler-636 b,,
2795,1575,Kepler-637 b,,
2796,426,Kepler-638 b,,
2797,680,Kepler-639 b,,
2798,538,Kepler-640 b,,
2799,673,Kepler-641 b,,
2800,1022,Kepler-642 b,,
2801,1029,Kepler-643 b,,
2802,1413,Kepler-644 b,,
2803,901,Kepler-645 b,,
2804,513,Kepler-646 b,,
2805,789,Kepler-647 b,,
2806,665,Kepler-648 b,,
2807,525,Kepler-649 b,,
2808,,Kepler-65 b,,
2809,,Kepler-65 c,,
2810,,Kepler-65 d,,
2811,805,Kepler-650 b,,
2812,537,Kepler-651 b,,
2813,423,Kepler-652 b,,
2814,593,Kepler-653 b,,
2815,593,Kepler-653 c,,
2816,661,Kepler-654 b,,
2817,783,Kepler-655 b,,
2818,867,Kepler-656 b,,
2819,1244,Kepler-657 b,,
2820,341,Kepler-658 b,,
2821,688,Kepler-659 b,,
2822,1107,Kepler-66 b,,
2823,564,Kepler-660 b,,
2824,558,Kepler-661 b,,
2825,641,Kepler-662 b,,
2826,1030,Kepler-663 b,,
2827,1386,Kepler-664 b,,
2828,651,Kepler-665 b,,
2829,1330,Kepler-666 b,,
2830,907,Kepler-667 b,,
2831,877,Kepler-668 b,,
2832,1778,Kepler-669 b,,
2833,1107,Kepler-67 b,,
2834,980,Kepler-670 b,,
2835,1139,Kepler-671 b,,
2836,1011,Kepler-672 b,,
2837,978,Kepler-673 b,,
2838,302,Kepler-674 b,,
2839,651,Kepler-675 b,,
2840,243,Kepler-676 b,,
2841,1180,Kepler-677 b,,
2842,875,Kepler-678 b,,
2843,968,Kepler-679 b,,
2844,135,Kepler-68 b,1.7,
2845,135,Kepler-68 c,,
2846,135,Kepler-68 d,16,
2847,1342,Kepler-680 b,,
2848,666,Kepler-681 b,,
2849,951,Kepler-682 b,,
2850,976,Kepler-683 b,,
2851,1066,Kepler-684 b,,
2852,1145,Kepler-685 b,,
2853,1203,Kepler-686 b,,
2854,628,Kepler-687 b,,
2855,1247,Kepler-688 b,,
2856,1044,Kepler-689 b,,
2857,,Kepler-69 b,,
2858,,Kepler-69 c,,
2859,1653,Kepler-690 b,,
2860,239,Kepler-691 b,,
2861,1000,Kepler-692 b,,
2862,1002,Kepler-693 b,,
2863,1023,Kepler-694 b,,
2864,620,Kepler-695 b,,
2865,1285,Kepler-696 b,,
2866,1091,Kepler-697 b,,
2867,1135,Kepler-698 b,,
2868,888,Kepler-699 b,,
2869,,Kepler-7 b,13.66669,
2870,1061,Kepler-700 b,,
2871,755,Kepler-701 b,,
2872,892,Kepler-702 b,,
2873,1482,Kepler-703 b,,
2874,1054,Kepler-704 b,,
2875,251,Kepler-705 b,,
2876,810,Kepler-706 b,,
2877,626,Kepler-707 b,,
2878,1241,Kepler-708 b,,
2879,668,Kepler-709 b,,
2880,919,Kepler-710 b,,
2881,664,Kepler-711 b,,
2882,944,Kepler-712 b,,
2883,944,Kepler-712 c,,
2884,1003,Kepler-713 b,,
2885,1460,Kepler-714 b,,
2886,1214,Kepler-715 b,,
2887,675,Kepler-716 b,,
2888,1126,Kepler-717 b,,
2889,1520,Kepler-718 b,,
2890,1427,Kepler-719 b,,
2891,880,Kepler-720 b,,
2892,848,Kepler-721 b,,
2893,1375,Kepler-722 b,,
2894,1375,Kepler-722 c,,
2895,965,Kepler-723 b,,
2896,862,Kepler-724 b,,
2897,778,Kepler-725 b,,
2898,838,Kepler-726 b,,
2899,892,Kepler-727 b,,
2900,1236,Kepler-728 b,,
2901,1271,Kepler-729 b,,
2902,1455,Kepler-730 b,,
2903,1311,Kepler-731 b,,
2904,150,Kepler-732 b,,
2905,150,Kepler-732 c,,
2906,980,Kepler-733 b,,
2907,553,Kepler-734 b,,
2908,790,Kepler-735 b,,
2909,1007,Kepler-736 b,,
2910,195,Kepler-737 b,,
2911,992,Kepler-738 b,,
2912,1128,Kepler-739 b,,
2913,1330,Kepler-74 b,38.14,
2914,1262,Kepler-740 b,,
2915,1530,Kepler-741 b,,
2916,499,Kepler-742 b,,
2917,258,Kepler-743 b,,
2918,486,Kepler-744 b,,
2919,1199,Kepler-745 b,,
2920,450,Kepler-746 b,,
2921,855,Kepler-747 b,,
2922,1271,Kepler-748 b,,
2923,753,Kepler-749 b,,
2924,1140,Kepler-75 b,127.1,
2925,1181,Kepler-750 b,,
2926,1181,Kepler-750 c,,
2927,748,Kepler-751 b,,
2928,1075,Kepler-752 b,,
2929,278,Kepler-753 b,,
2930,1192,Kepler-754 b,,
2931,368,Kepler-755 b,,
2932,368,Kepler-755 c,,
2933,852,Kepler-756 b,,
2934,1016,Kepler-757 b,,
2935,1353,Kepler-758 b,,
2936,1353,Kepler-758 c,,
2937,1353,Kepler-758 d,,
2938,1353,Kepler-758 e,,
2939,892,Kepler-759 b,,
2940,,Kepler-76 b,117.5971,
2941,782,Kepler-760 b,,
2942,782,Kepler-760 c,,
2943,867,Kepler-761 b,,
2944,1465,Kepler-762 b,,
2945,902,Kepler-763 b,,
2946,1013,Kepler-764 b,,
2947,1000,Kepler-765 b,,
2948,1614,Kepler-766 b,,
2949,1185,Kepler-767 b,,
2950,795,Kepler-768 b,,
2951,1362,Kepler-769 b,,
2952,1362,Kepler-769 c,,
2953,570,Kepler-77 b,10.17,
2954,761,Kepler-770 b,,
2955,761,Kepler-770 c,,
2956,761,Kepler-770 d,,
2957,1000,Kepler-771 b,,
2958,689,Kepler-772 b,,
2959,528,Kepler-773 b,,
2960,1190,Kepler-774 b,,
2961,400,Kepler-775 b,,
2962,727,Kepler-776 b,,
2963,383,Kepler-777 b,,
2964,899,Kepler-778 b,,
2965,224,Kepler-779 b,,
2966,,Kepler-78 b,0.38,
2967,520,Kepler-780 b,,
2968,1036,Kepler-781 b,,
2969,412,Kepler-782 b,,
2970,544,Kepler-783 b,,
2971,604,Kepler-784 b,,
2972,666,Kepler-785 b,,
2973,512,Kepler-786 b,,
2974,468,Kepler-787 b,,
2975,1649,Kepler-788 b,,
2976,915,Kepler-789 b,,
2977,,Kepler-79 b,7.4,
2978,,Kepler-79 c,1.9,
2979,,Kepler-79 d,2.1,
2980,,Kepler-79 e,1.2,
2981,727,Kepler-790 b,,
2982,1447,Kepler-791 b,,
2983,1205,Kepler-792 b,,
2984,794,Kepler-793 b,,
2985,763,Kepler-794 b,,
2986,458,Kepler-795 b,,
2987,377,Kepler-796 b,,
2988,752,Kepler-797 b,,
2989,1085,Kepler-798 b,,
2990,1029,Kepler-799 b,,
2991,1330,Kepler-8 b,41.3179,
2992,357,Kepler-80 b,1.05,
2993,357,Kepler-80 c,1.23,
2994,357,Kepler-80 d,0.69,
2995,357,Kepler-80 e,0.81,
2996,357,Kepler-80 f,,
2997,1049,Kepler-800 b,,
2998,419,Kepler-801 b,,
2999,828,Kepler-802 b,,
3000,615,Kepler-803 b,,
3001,648,Kepler-804 b,,
3002,648,Kepler-804 c,,
3003,657,Kepler-805 b,,
3004,260,Kepler-806 b,,
3005,1312,Kepler-807 b,,
3006,321,Kepler-808 b,,
3007,933,Kepler-809 b,,
3008,,Kepler-81 b,,
3009,,Kepler-81 c,,
3010,,Kepler-81 d,,
3011,1554,Kepler-810 b,,
3012,847,Kepler-811 b,,
3013,1482,Kepler-812 b,,
3014,840,Kepler-813 b,,
3015,1327,Kepler-814 b,,
3016,1199,Kepler-815 b,,
3017,1059,Kepler-816 b,,
3018,1401,Kepler-817 b,,
3019,967,Kepler-818 b,,
3020,722,Kepler-819 b,,
3021,,Kepler-82 b,,
3022,,Kepler-82 c,,
3023,,Kepler-82 d,,
3024,,Kepler-82 e,,
3025,989,Kepler-820 b,,
3026,619,Kepler-821 b,,
3027,956,Kepler-822 b,,
3028,896,Kepler-823 b,,
3029,1352,Kepler-824 b,,
3030,820,Kepler-825 b,,
3031,820,Kepler-825 c,,
3032,649,Kepler-826 b,,
3033,1352,Kepler-827 b,,
3034,625,Kepler-828 b,,
3035,954,Kepler-829 b,,
3036,,Kepler-83 b,,
3037,,Kepler-83 c,,
3038,,Kepler-83 d,,
3039,1122,Kepler-830 b,,
3040,577,Kepler-831 b,,
3041,1346,Kepler-832 b,,
3042,421,Kepler-833 b,,
3043,620,Kepler-834 b,,
3044,2011,Kepler-835 b,,
3045,1003,Kepler-836 b,,
3046,846,Kepler-837 b,,
3047,1210,Kepler-838 b,,
3048,833,Kepler-839 b,,
3049,,Kepler-84 b,,
3050,,Kepler-84 c,,
3051,,Kepler-84 d,,
3052,,Kepler-84 e,,
3053,,Kepler-84 f,,
3054,778,Kepler-840 b,,
3055,1052,Kepler-841 b,,
3056,552,Kepler-842 b,,
3057,1247,Kepler-843 b,,
3058,394,Kepler-844 b,,
3059,471,Kepler-845 b,,
3060,1233,Kepler-846 b,,
3061,529,Kepler-847 b,,
3062,797,Kepler-848 b,,
3063,747,Kepler-849 b,,
3064,,Kepler-85 b,,
3065,,Kepler-85 c,,
3066,,Kepler-85 d,,
3067,,Kepler-85 e,,
3068,1535,Kepler-850 b,,
3069,869,Kepler-851 b,,
3070,854,Kepler-852 b,,
3071,610,Kepler-853 b,,
3072,741,Kepler-854 b,,
3073,1043,Kepler-855 b,,
3074,1175,Kepler-856 b,,
3075,1039,Kepler-857 b,,
3076,296,Kepler-858 b,,
3077,915,Kepler-859 b,,
3078,1295,Kepler-860 b,,
3079,806,Kepler-861 b,,
3080,806,Kepler-862 b,,
3081,1145,Kepler-863 b,,
3082,1573,Kepler-864 b,,
3083,664,Kepler-865 b,,
3084,690,Kepler-866 b,,
3085,824,Kepler-867 b,,
3086,1269,Kepler-868 b,,
3087,957,Kepler-869 b,,
3088,,Kepler-87 b,8.8,
3089,,Kepler-87 c,0.8,
3090,1231,Kepler-870 b,,
3091,1695,Kepler-871 b,,
3092,1114,Kepler-872 b,,
3093,1397,Kepler-873 b,,
3094,1072,Kepler-874 b,,
3095,1244,Kepler-875 b,,
3096,735,Kepler-876 b,,
3097,572,Kepler-877 b,,
3098,567,Kepler-878 b,,
3099,772,Kepler-879 b,,
3100,673,Kepler-880 b,,
3101,1364,Kepler-881 b,,
3102,525,Kepler-882 b,,
3103,549,Kepler-883 b,,
3104,420,Kepler-884 b,,
3105,632,Kepler-885 b,,
3106,857,Kepler-886 b,,
3107,831,Kepler-887 b,,
3108,831,Kepler-887 c,,
3109,413,Kepler-888 b,,
3110,513,Kepler-889 b,,
3111,1387,Kepler-890 b,,
3112,1372,Kepler-891 b,,
3113,640,Kepler-892 b,,
3114,1216,Kepler-893 b,,
3115,1090,Kepler-894 b,,
3116,516,Kepler-895 b,,
3117,896,Kepler-896 b,,
3118,1147,Kepler-897 b,,
3119,479,Kepler-898 b,,
3120,1038,Kepler-899 b,,
3121,650,Kepler-9 b,4.132,
3122,650,Kepler-9 c,4.132,
3123,650,Kepler-9 d,,
3124,505,Kepler-900 b,,
3125,241,Kepler-901 b,,
3126,904,Kepler-902 b,,
3127,829,Kepler-903 b,,
3128,829,Kepler-903 c,,
3129,1151,Kepler-904 b,,
3130,521,Kepler-905 b,,
3131,758,Kepler-906 b,,
3132,352,Kepler-907 b,,
3133,250,Kepler-908 b,,
3134,318,Kepler-909 b,,
3135,1030,Kepler-91 b,57.2094,
3136,402,Kepler-910 b,,
3137,567,Kepler-911 b,,
3138,1265,Kepler-912 b,,
3139,597,Kepler-913 b,,
3140,678,Kepler-914 b,,
3141,806,Kepler-915 b,,
3142,769,Kepler-916 b,,
3143,1027,Kepler-917 b,,
3144,1245,Kepler-918 b,,
3145,1219,Kepler-919 b,,
3146,,Kepler-92 b,13.9,
3147,,Kepler-92 c,1.8,
3148,,Kepler-92 d,,
3149,926,Kepler-920 b,,
3150,926,Kepler-920 c,,
3151,847,Kepler-921 b,,
3152,558,Kepler-922 b,,
3153,966,Kepler-923 b,,
3154,995,Kepler-924 b,,
3155,623,Kepler-925 b,,
3156,771,Kepler-926 b,,
3157,879,Kepler-927 b,,
3158,532,Kepler-928 b,,
3159,820,Kepler-929 b,,
3160,,Kepler-93 b,0.68,
3161,,Kepler-93 c,,
3162,905,Kepler-930 b,,
3163,490,Kepler-931 b,,
3164,478,Kepler-932 b,,
3165,922,Kepler-933 b,,
3166,603,Kepler-934 b,,
3167,482,Kepler-935 b,,
3168,687,Kepler-936 b,,
3169,1482,Kepler-937 b,,
3170,1482,Kepler-937 c,,
3171,861,Kepler-938 b,,
3172,1029,Kepler-939 b,,
3173,,Kepler-94 b,1.4,
3174,,Kepler-94 c,200,
3175,1317,Kepler-940 b,,
3176,1105,Kepler-941 b,,
3177,218,Kepler-942 b,,
3178,1239,Kepler-943 b,,
3179,1035,Kepler-944 b,,
3180,1543,Kepler-945 b,,
3181,918,Kepler-946 b,,
3182,1188,Kepler-947 b,,
3183,884,Kepler-948 b,,
3184,572,Kepler-949 b,,
3185,,Kepler-95 b,2.9,
3186,1489,Kepler-950 b,,
3187,408,Kepler-951 b,,
3188,1167,Kepler-952 b,,
3189,240,Kepler-953 b,,
3190,240,Kepler-953 c,,
3191,224,Kepler-954 b,,
3192,637,Kepler-955 b,,
3193,631,Kepler-956 b,,
3194,749,Kepler-957 b,,
3195,467,Kepler-958 b,,
3196,1003,Kepler-959 b,,
3197,,Kepler-96 b,3.4,
3198,298,Kepler-960 b,,
3199,607,Kepler-961 b,,
3200,439,Kepler-962 b,,
3201,786,Kepler-963 b,,
3202,478,Kepler-964 b,,
3203,618,Kepler-965 b,,
3204,773,Kepler-966 b,,
3205,499,Kepler-967 b,,
3206,499,Kepler-967 c,,
3207,312,Kepler-968 b,,
3208,312,Kepler-968 c,,
3209,411,Kepler-969 b,,
3210,411,Kepler-969 c,,
3211,,Kepler-97 b,1.9,
3212,,Kepler-97 c,,
3213,350,Kepler-970 b,,
3214,345,Kepler-971 b,,
3215,1304,Kepler-972 b,,
3216,297,Kepler-973 b,,
3217,121,Kepler-974 b,,
3218,404,Kepler-975 b,,
3219,1020,Kepler-976 b,,
3220,664,Kepler-977 b,,
3221,624,Kepler-978 b,,
3222,606,Kepler-979 b,,
3223,,Kepler-98 b,1.6,
3224,804,Kepler-980 b,,
3225,913,Kepler-981 b,,
3226,702,Kepler-982 b,,
3227,655,Kepler-983 b,,
3228,461,Kepler-984 b,,
3229,741,Kepler-985 b,,
3230,563,Kepler-986 b,,
3231,936,Kepler-987 b,,
3232,248,Kepler-988 b,,
3233,484,Kepler-989 b,,
3234,,Kepler-99 b,1.3,
3235,933,Kepler-990 b,,
3236,933,Kepler-990 c,,
3237,370,Kepler-991 b,,
3238,268,Kepler-992 b,,
3239,298,Kepler-993 b,,
3240,170,Kepler-994 b,,
3241,659,Kepler-995 b,,
3242,1098,Kepler-996 b,,
3243,470,Kepler-997 b,,
3244,996,Kepler-998 b,,
3245,568,Kepler-999 b,,
3246,12.47,LHS 1140 b,1.82,
3247,,LkCa 15 b,,
3248,,LkCa 15 c,,
3249,2000,Lupus-TR-3 b,57.207,
3250,188.7,MASCARA-1 b,286.047,
3251,1000,MOA 2007-BLG-192L b,4.9,
3252,5800,MOA 2007-BLG-400L b,155.73,
3253,7700,MOA 2008-BLG-310L b,17,
3254,3300,MOA 2008-BLG-379L b,540.3,
3255,3040,MOA 2009-BLG-266L b,1.7,
3256,6100,MOA 2009-BLG-319L b,44,
3257,5690,MOA 2009-BLG-387L b,1318.9945,
3258,2800,MOA 2010-BLG-073L b,635.6,
3259,810,MOA 2010-BLG-328L b,2.2,
3260,6430,MOA 2010-BLG-353L b,152.5584,
3261,2300,MOA 2010-BLG-477L b,254.3,
3262,7380,MOA 2011-BLG-028L b,16,
3263,7000,MOA 2011-BLG-262L b,28,
3264,7720,MOA 2011-BLG-293L b,95.3,
3265,7560,MOA 2011-BLG-322L b,4258.7,
3266,,MOA 2013-BLG-605L b,0.5,
3267,6500,MOA 2016-BLG-227L b,699.226,
3268,5300,MOA-2012-BLG-006L b,1462.018,
3269,7210,MOA-2012-BLG-505L b,10.61,
3270,5100,MOA-bin-1L b,667.4,
3271,,MXB 1658-298 b,1017.056,
3272,,NGC 2682 Sand 364 b,,
3273,628.93,NGC 2682 Sand 978 b,,
3274,,NGC 2682 YBP 1194 b,,
3275,,NGC 2682 YBP 1514 b,,
3276,,NGC 2682 YBP 401 b,,
3277,2200,NGC 4349 127 b,,
3278,500,NN Ser c,98.52,
3279,500,NN Ser d,158.9,
3280,,NY Vir b,,
3281,5800,OGLE 2003-BLG-235L b,254.264,
3282,4100,OGLE 2005-BLG-169L b,0.9,
3283,6600,OGLE 2005-BLG-390L b,5.5,
3284,3200,OGLE 2005-BLG-71L b,127.1,
3285,1510,OGLE 2006-BLG-109L b,19,
3286,1510,OGLE 2006-BLG-109L c,7,
3287,2760,OGLE 2007-BLG-349L AB c,13,
3288,5900,OGLE 2007-BLG-368L b,7,
3289,6800,OGLE 2008-BLG-355L b,1175.9,
3290,8100,OGLE 2008-BLG-92L b,,
3291,2570,OGLE 2011-BLG-251L b,66.74,
3292,4380,OGLE 2011-BLG-265L b,85.81,
3293,1300,OGLE 2012-BLG-0563L b,44,
3294,6700,OGLE 2012-BLG-0724L b,171.6282,
3295,4019,OGLE 2012-BLG-26L b,2.60621,
3296,4019,OGLE 2012-BLG-26L c,19.0698,
3297,1760,OGLE 2012-BLG-358L b,60.39,
3298,4970,OGLE 2012-BLG-406L b,136.66,
3299,3040,OGLE 2013-BLG-102L b,665.748,
3300,1161,OGLE 2013-BLG-341L B b,0.27,
3301,2220,OGLE 2014-BLG-0676L b,324.1866,
3302,4100,OGLE 2014-BLG-124L b,50.85,
3303,8200,OGLE 2015-BLG-0051L b,206.5895,
3304,600,OGLE 2015-BLG-0954L b,444.962,
3305,2500,OGLE 2015-BLG-0966L b,2,
3306,3000,OGLE-2012-BLG-0950L b,17,
3307,3900,OGLE-2013-BLG-0132L b,50.8528,
3308,6300,OGLE-2013-BLG-1721L b,111.2405,
3309,6860,OGLE-2014-BLG-1760 b,108.0622,
3310,6500,OGLE-2016-BLG-0263L b,2065.895,
3311,3910,OGLE-2016-BLG-1195L b,0.45,
3312,,OGLE-TR-056 b,57.21,
3313,,OGLE-TR-10 b,44.494,
3314,,OGLE-TR-111 b,,
3315,600,OGLE-TR-113 b,50.851,
3316,2500,OGLE-TR-132 b,44.49,
3317,,OGLE-TR-182 b,47.672,
3318,,OGLE-TR-211 b,63.563,
3319,,OGLE2-TR-L9 b,476.725,
3320,125,Oph 11 b,1906.98,
3321,1000,PH1 b,,
3322,,PH2 b,,
3323,1200,POTS-1 b,244.72,
3324,600,PSR B1257+12 b,0.002,
3325,600,PSR B1257+12 c,0.2,
3326,600,PSR B1257+12 d,0.2,
3327,,PSR B1620-26 b,317.83,
3328,1200,PSR J1719-1438 b,,
3329,,Pr0201 b,,
3330,,Pr0211 b,,
3331,,Pr0211 c,,
3332,1.29,Proxima Cen b,,27.23
3333,,Qatar-1 b,16.52716,
3334,,Qatar-2 b,17.162,
3335,,Qatar-3 b,149.3801,
3336,,Qatar-4 b,171.6282,
3337,,Qatar-5 b,57.2094,
3338,120,ROXs 12 b,1271,
3339,135,ROXs 42 B b,953,
3340,,RR Cae b,,
3341,11.43,Ross 458 c,,29.31
3342,,SR 12 AB c,2224.72,
3343,8500,SWEEPS-11 b,1779.77,
3344,8500,SWEEPS-4 b,,
3345,147,TAP 26 b,,
3346,12.1,TRAPPIST-1 b,0.72,
3347,12.1,TRAPPIST-1 c,0.61,
3348,12.1,TRAPPIST-1 d,0.27,
3349,12.1,TRAPPIST-1 e,0.58,
3350,12.1,TRAPPIST-1 f,0.18,
3351,12.1,TRAPPIST-1 g,0.88,
3352,12.1,TRAPPIST-1 h,,
3353,759,TYC 1422-614-1 b,,
3354,759,TYC 1422-614-1 c,,
3355,481,TYC 3667-1280-1 b,,
3356,700,TYC 4282-00605-1 b,,
3357,150,TrES-1 b,14.937,
3358,213,TrES-2 b,21.61244,
3359,228,TrES-3 b,23.836,
3360,492,TrES-4 b,11.12405,
3361,360,TrES-5 b,21.61244,
3362,,USco CTIO 108 b,635.66,
3363,,UZ For b,476.7,
3364,,UZ For c,381.4,
3365,1400,V0391 Peg b,,
3366,150,V830 Tau b,38.1396,
3367,12.7,VHS J125601.92-125723.9 b,3082.951,
3368,408,WASP-1 b,18.116,
3369,90,WASP-10 b,41.32,
3370,,WASP-100 b,38.14,
3371,,WASP-101 b,12.71,
3372,470,WASP-103 b,27.968,
3373,143,WASP-104 b,14.937,
3374,,WASP-105 b,31.783,
3375,283,WASP-106 b,24.154,
3376,,WASP-107 b,3.1783,
3377,121.7,WASP-11 b,5.721,
3378,360,WASP-113 b,17.16282,
3379,460,WASP-114 b,20.34112,
3380,,WASP-117 b,2.8603,
3381,250,WASP-118 b,6.3566,
3382,333,WASP-119 b,25.4264,
3383,,WASP-12 b,24.15508,
3384,437,WASP-120 b,66.7443,
3385,270,WASP-121 b,20.34112,
3386,214,WASP-123 b,11.44188,
3387,433,WASP-124 b,22.2481,
3388,234,WASP-126 b,12.7132,
3389,102,WASP-127 b,6.3566,
3390,246,WASP-129 b,31.783,
3391,155,WASP-13 b,13.984,
3392,180,WASP-130 b,12.7132,
3393,250,WASP-131 b,6.3566,
3394,120,WASP-132 b,9.5349,
3395,547,WASP-133 b,28.6047,
3396,300,WASP-135 b,25.4264,
3397,164,WASP-136 b,25.4264,
3398,308,WASP-138 b,25.4264,
3399,230,WASP-139 b,5.40311,
3400,160,WASP-14 b,161,
3401,180,WASP-140 b,22.2481,
3402,570,WASP-141 b,47.6745,
3403,840,WASP-142 b,28.6047,
3404,,WASP-15 b,16,
3405,480,WASP-151 b,12.7132,
3406,430,WASP-153 b,6.3566,
3407,140,WASP-156 b,3.1783,
3408,,WASP-157 b,29.55819,
3409,,WASP-16 b,14,
3410,381,WASP-167 b,,
3411,400,WASP-17 b,10.17056,
3412,105.49,WASP-18 b,120.77,
3413,250,WASP-19 b,12.07754,
3414,166,WASP-2 b,28.603,
3415,210,WASP-20 b,5.403,
3416,242,WASP-21 b,3.496,
3417,300,WASP-22 b,8.89924,
3418,,WASP-23 b,27.968,
3419,,WASP-24 b,11.441,
3420,,WASP-25 b,12.713,
3421,250,WASP-26 b,6.674,
3422,410,WASP-28 b,13.666,
3423,70,WASP-29 b,6.356,
3424,220,WASP-3 b,19.0698,
3425,360,WASP-31 b,9.217,
3426,,WASP-32 b,22.247,
3427,116.14,WASP-33 b,,
3428,120,WASP-34 b,3.18,
3429,,WASP-35 b,19.069,
3430,450,WASP-36 b,22.2481,
3431,343,WASP-37 b,54.029,
3432,110,WASP-38 b,18.433,
3433,230,WASP-39 b,9.535,
3434,300,WASP-4 b,4.13179,
3435,180,WASP-41 b,15.8915,
3436,180,WASP-41 c,,
3437,160,WASP-42 b,8.89924,
3438,80,WASP-43 b,31.782,
3439,,WASP-44 b,19.705,
3440,,WASP-45 b,19.70546,
3441,,WASP-46 b,41.3179,
3442,200,WASP-47 b,190,
3443,200,WASP-47 c,320,
3444,200,WASP-47 d,12,
3445,200,WASP-47 e,5.5,
3446,,WASP-48 b,27,
3447,170,WASP-49 b,8.581,
3448,300,WASP-5 b,41.32,
3449,230,WASP-50 b,28.921,
3450,140,WASP-52 b,6.36,
3451,,WASP-53 b,29.24036,
3452,,WASP-53 c,,
3453,200,WASP-54 b,7.945,
3454,330,WASP-55 b,12.07754,
3455,255,WASP-56 b,10.806,
3456,455,WASP-57 b,19.70546,
3457,300,WASP-58 b,22.25,
3458,125,WASP-59 b,14.302,
3459,,WASP-6 b,8.58141,
3460,400,WASP-60 b,10.806,
3461,480,WASP-61 b,54.029,
3462,160,WASP-62 b,12.713,
3463,330,WASP-63 b,9.535,
3464,350,WASP-64 b,21.612,
3465,310,WASP-65 b,50.85,
3466,380,WASP-66 b,41.316,
3467,225,WASP-67 b,12.713,
3468,,WASP-68 b,9.53,
3469,50,WASP-69 b,5.403,
3470,140,WASP-7 b,41.316,
3471,245,WASP-70 A b,6.992,
3472,345,WASP-71 b,25.425,
3473,340,WASP-72 b,18.751,
3474,,WASP-73 b,22.25,
3475,120,WASP-74 b,19.0698,
3476,260,WASP-75 b,15.89,
3477,120,WASP-76 b,9.5349,
3478,93,WASP-77 A b,19.07,
3479,550,WASP-78 b,25.425,
3480,240,WASP-79 b,25.43,
3481,87,WASP-8 b,25.108,
3482,87,WASP-8 c,,
3483,60,WASP-80 b,11.12405,
3484,,WASP-81 b,11.44188,
3485,200,WASP-82 b,12.7132,
3486,300,WASP-83 b,9.5349,
3487,125,WASP-84 b,8.899,
3488,,WASP-85 A b,20.65895,
3489,,WASP-88 b,25.43,
3490,,WASP-89 b,127.132,
3491,340,WASP-90 b,22.2481,
3492,150.72,WASP-91 b,25.4264,
3493,530,WASP-92 b,21.61244,
3494,250,WASP-93 b,92.1707,
3495,180,WASP-94 A b,11.124,
3496,180,WASP-94 B b,,
3497,,WASP-95 b,31.78,
3498,,WASP-96 b,9.53,
3499,,WASP-97 b,15.89,
3500,,WASP-98 b,25.4264,
3501,,WASP-99 b,41.32,
3502,19.2,WD 0806-661 b,476.7,
3503,10.1,WISEP J121756.91+162640.2 A b,636,
3504,3200,WTS-1 b,111.24,
3505,1000,WTS-2 b,50.8528,
3506,4.3,Wolf 1061 b,,26.48
3507,4.3,Wolf 1061 c,,26.48
3508,4.3,Wolf 1061 d,,26.48
3509,172,XO-1 b,25.425,
3510,145.5,XO-2 N b,6.674,
3511,148,XO-2 S b,,
3512,148,XO-2 S c,,
3513,174,XO-3 b,187.512,
3514,293,XO-4 b,25.43,
3515,260,XO-5 b,9.53,
3516,232.72,XO-6 b,,
3517,3.6,YZ Cet b,,27.49
3518,3.6,YZ Cet c,,27.49
3519,3.6,YZ Cet d,,27.49
3520,20.21,alf Ari b,,
3521,20.43,alf Tau b,,
3522,89.05,bet Cnc b,,
3523,19.28,bet Pic b,,
3524,38.78,bet UMi b,,
3525,70.42,eps CrB b,,
3526,3.21,eps Eri b,76.2792,28.32
3527,47.53,eps Tau b,,
3528,38.52,gam 1 Leo b,,
3529,13.79,gam Cep b,,27.11
3530,52.03,kap And b,7323.224,
3531,30.5,kap CrB b,,
3532,40.78,mu Leo b,,
3533,46.84,nu Oph b,,
3534,46.84,nu Oph c,,
3535,80.64,ome Ser b,,
3536,84.03,omi CrB b,,
3537,56.31,omi UMa b,,
3538,22.16,psi 1 Dra B b,,28.63
3539,17.24,rho CrB b,,
3540,17.24,rho CrB c,,
3541,15.6,tau Boo b,,28.95
3542,3.65,tau Cet e,,27.04
3543,3.65,tau Cet f,,27.04
3544,3.65,tau Cet g,,27.04
3545,3.65,tau Cet h,,27.04
3546,92.51,tau Gem b,,
3547,13.47,ups And b,,28.13
3548,13.47,ups And c,,28.13
3549,13.47,ups And d,,28.13
3550,62.66,xi Aql b,,
