1,110.62,11 Com b,0,0,0
2,119.47,11 UMi b,0,0,0
3,76.39,14 And b,0,0,0
4,18.15,14 Her b,0,0,0
5,21.41,16 Cyg B b,0,0,0
6,73.1,18 Del b,0,0,0
7,145,1RXS J160929.1-210524 b,300,0,0
8,74.79,24 Sex b,0,0,0
9,74.79,24 Sex c,0,0,0
10,36,2MASS J01225093-2439505 b,794.5,0,0
11,39.4,2MASS J02192210-3925225 b,349.613,0,0
12,140,2MASS J04414489+2301513 b,794.5,0,0
13,52.4,2MASS J12073346-3932539 b,318,0,0
14,0,2MASS J19383260+4603591 b,31.783,0,0
15,25,2MASS J21402931+1625183 A b,26629.91,0,0
16,74,2MASS J22362452+4751425 b,476.745,0,0
17,39.43,30 Ari B b,0,29.86,0
18,77.4,4 UMa b,0,0,0
19,97.28,42 Dra b,0,0,0
20,14.08,47 UMa b,0,0,0
21,14.08,47 UMa c,0,0,0
22,14.08,47 UMa d,0,0,0
23,29.4,51 Eri b,0,30.12,0
24,15.36,51 Peg b,0,0,0
25,12.53,55 Cnc b,1.0488,27.74,0
26,12.53,55 Cnc c,1.748,27.74,0
27,12.53,55 Cnc d,21.612,27.74,0
28,12.53,55 Cnc e,0.31,27.74,0
29,12.53,55 Cnc f,3.814,27.74,0
30,56.95,6 Lyn b,0,0,0
31,8.52,61 Vir b,0,26.87,0
32,8.52,61 Vir c,0,26.87,0
33,8.52,61 Vir d,0,26.87,0
34,19.84,7 CMa b,0,0,0
35,18.11,70 Vir b,0,0,0
36,81.5,75 Cet b,0,0,0
37,159.1,8 UMi b,0,0,0
38,97.18,81 Cet b,0,0,0
39,45.52,91 Aqr b,0,0,0
40,45.52,AB Pic b,158.9,0,0
41,2618,BD+03 2562 b,0,0,0
42,50.03,BD+14 4559 b,0,0,0
43,774,BD+15 2375 b,0,0,0
44,175.44,BD+15 2940 b,0,0,0
45,25.4,BD+20 1790 b,0,0,0
46,0,BD+20 2457 b,0,0,0
47,0,BD+20 2457 c,0,0,0
48,0,BD+20 274 b,0,0,0
49,152.1,BD+20 594 b,6,0,0
50,0,BD+48 738 b,0,0,0
51,0,BD+49 828 b,0,0,0
52,20.1,BD-06 1339 b,0,0,0
53,20.1,BD-06 1339 c,0,0,0
54,42.09,BD-08 2823 b,0,0,0
55,42.09,BD-08 2823 c,0,0,0
56,80,BD-10 3166 b,0,0,0
57,27.3,BD-11 4672 b,0,0,0
58,766,BD-13 2130 b,0,0,0
59,37.54,BD-17 63 b,0,0,0
60,23.1,CFBDSIR J145829+101343 b,1430.2,0,0
61,0,CHXR 73 b,2662.991,0,0
62,165,CT Cha b,1907,0,0
63,0,CoRoT-1 b,38.14,0,0
64,345,CoRoT-10 b,50.85,0,0
65,560,CoRoT-11 b,108.06,0,0
66,1150,CoRoT-12 b,22.247,0,0
67,1060,CoRoT-13 b,20.976,0,0
68,1340,CoRoT-14 b,190.7,0,0
69,840,CoRoT-16 b,27.014,0,0
70,920,CoRoT-17 b,95.34,0,0
71,870,CoRoT-18 b,120.77,0,0
72,770,CoRoT-19 b,19.07,0,0
73,200,CoRoT-2 b,69.92,0,0
74,1230,CoRoT-20 b,73.1,0,0
75,592,CoRoT-22 b,14,0,0
76,600,CoRoT-23 b,95.3,0,0
77,600,CoRoT-24 b,0,0,0
78,600,CoRoT-24 c,11,0,0
79,1000,CoRoT-25 b,12.71,0,0
80,1670,CoRoT-26 b,15.89,0,0
81,0,CoRoT-27 b,174.8,0,0
82,560,CoRoT-28 b,27.65121,0,0
83,765,CoRoT-29 b,63.566,0,0
84,680,CoRoT-3 b,317.8,0,0
85,0,CoRoT-4 b,25.43,0,0
86,0,CoRoT-5 b,14.937,0,0
87,0,CoRoT-6 b,108.06,0,0
88,153.7,CoRoT-7 b,0.86,0,0
89,153.7,CoRoT-7 c,0.9,0,0
90,380,CoRoT-8 b,9.53,0,0
91,460,CoRoT-9 b,22.25,0,0
92,0,CoRoTID 223977153 b,31.783,0,0
93,20.77,DENIS-P J082303.1-491201 b,603.85,0,0
94,140,DH Tau b,3178,0,0
95,0,DP Leo b,0,0,0
96,181.5,EPIC 211822797 b,0,0,0
97,253,EPIC 220674823 b,0,0,0
98,253,EPIC 220674823 c,0,0,0
99,140,FU Tau b,0,0,0
100,7.69,Fomalhaut b,0,0,0
101,12.04,GJ 1132 b,0.54,0,0
102,11.03,GJ 1148 b,0,0,0
103,11.03,GJ 1148 c,0,0,0
104,0,GJ 1214 b,0.85814,0,0
105,3.57,GJ 15 A b,0,27.28,0
106,14.97,GJ 163 b,0,0,0
107,14.97,GJ 163 c,0,0,0
108,14.97,GJ 163 d,0,0,0
109,12.12,GJ 179 b,0,0,0
110,3.8,GJ 273 b,0,26.3,0
111,3.8,GJ 273 c,0,26.3,0
112,17.62,GJ 3021 b,0,29.02,0
113,28.48,GJ 3138 b,0,0,0
114,28.48,GJ 3138 c,0,0,0
115,28.48,GJ 3138 d,0,0,0
116,15.1,GJ 317 b,222.5,0,0
117,20.03,GJ 328 b,0,0,0
118,15.77,GJ 3293 b,0,0,0
119,15.77,GJ 3293 c,0,0,0
120,15.77,GJ 3293 d,0,0,0
121,15.77,GJ 3293 e,0,0,0
122,5.32,GJ 3323 b,0,0,0
123,5.32,GJ 3323 c,0,0,0
124,0,GJ 3341 b,0,0,0
125,25.2,GJ 3470 b,1.61,0,0
126,19.8,GJ 3634 b,4,0,0
127,17.79,GJ 3998 b,0,0,0
128,17.79,GJ 3998 c,0,0,0
129,9.04,GJ 433 b,0,0,0
130,10.23,GJ 436 b,2.3,26.85,0
131,17.95,GJ 504 b,1430.2,29.51,0
132,10.03,GJ 536 b,0,27.2,0
133,6.27,GJ 581 b,0,0,0
134,6.27,GJ 581 c,0,0,0
135,6.27,GJ 581 e,0,0,0
136,6.49,GJ 625 b,0,26.7,0
137,10.32,GJ 649 b,0,0,0
138,6.8,GJ 667 C b,0,27.81,0
139,6.8,GJ 667 C c,0,27.81,0
140,6.8,GJ 667 C e,0,27.81,0
141,6.8,GJ 667 C f,0,27.81,0
142,6.8,GJ 667 C g,0,27.81,0
143,4.54,GJ 674 b,0,27.53,0
144,16.9,GJ 676 A b,572.094,0,0
145,16.9,GJ 676 A c,0,0,0
146,16.9,GJ 676 A d,0,0,0
147,16.9,GJ 676 A e,0,0,0
148,4.53,GJ 687 b,0,26.9,0
149,4.94,GJ 832 b,0,26.77,0
150,4.94,GJ 832 c,0,26.77,0
151,8.77,GJ 849 b,0,0,0
152,10.91,GJ 86 b,0,27.61,0
153,4.7,GJ 876 b,1.4302,26.49,0
154,4.7,GJ 876 c,1.2395,26.49,0
155,4.7,GJ 876 d,0.4,26.49,0
156,4.7,GJ 876 e,1.7,26.49,0
157,139,GQ Lup b,0,0,0
158,145,GSC 06214-00210 b,300,0,0
159,48,GU Psc b,540.3,0,0
160,139,HAT-P-1 b,6.03877,0,0
161,38,HAT-P-11 b,2.86,0,0
162,142.5,HAT-P-12 b,3.814,0,0
163,214,HAT-P-13 b,12.077,0,0
164,214,HAT-P-13 c,0,0,0
165,205,HAT-P-14 b,18.751,0,0
166,190,HAT-P-15 b,20.976,0,0
167,235,HAT-P-16 b,29.875,0,0
168,90,HAT-P-17 b,5.72,0,0
169,90,HAT-P-17 c,0,0,0
170,166,HAT-P-18 b,4.132,0,0
171,215,HAT-P-19 b,5.721,0,0
172,135.32,HAT-P-2 b,76.28,0,0
173,70,HAT-P-20 b,59.432,0,0
174,254,HAT-P-21 b,51.168,0,0
175,82,HAT-P-22 b,19.387,0,0
176,393,HAT-P-23 b,38,0,0
177,396,HAT-P-24 b,10.488,0,0
178,297,HAT-P-25 b,6.992,0,0
179,134,HAT-P-26 b,2.225,0,0
180,204,HAT-P-27 b,9.53,0,0
181,395,HAT-P-28 b,11.759,0,0
182,322,HAT-P-29 b,24.154,0,0
183,138,HAT-P-3 b,5.721,0,0
184,193,HAT-P-30 b,8.899,0,0
185,354,HAT-P-31 b,33.371,0,0
186,283,HAT-P-32 b,0,0,0
187,387,HAT-P-33 b,32.099,0,0
188,257,HAT-P-34 b,67.059,0,0
189,535,HAT-P-35 b,10.488,0,0
190,317,HAT-P-36 b,31.464,0,0
191,411,HAT-P-37 b,32.735,0,0
192,249,HAT-P-38 b,6.356,0,0
193,642,HAT-P-39 b,31.464,0,0
194,314,HAT-P-4 b,10.488,0,0
195,501,HAT-P-40 b,12.077,0,0
196,344,HAT-P-41 b,32.417,0,0
197,447,HAT-P-42 b,26.379,0,0
198,542,HAT-P-43 b,19.069,0,0
199,363,HAT-P-44 b,9.217,0,0
200,363,HAT-P-44 c,0,0,0
201,305,HAT-P-45 b,43.541,0,0
202,296,HAT-P-46 b,26.061,0,0
203,322,HAT-P-49 b,65.152,0,0
204,340,HAT-P-5 b,34.96,0,0
205,497,HAT-P-50 b,23.20159,0,0
206,470,HAT-P-51 b,5.72094,0,0
207,385,HAT-P-52 b,9.21707,0,0
208,719,HAT-P-53 b,17.79848,0,0
209,135.8,HAT-P-54 b,10.17056,0,0
210,480,HAT-P-55 b,17.79848,0,0
211,310.5,HAT-P-56 b,79.4575,0,0
212,303,HAT-P-57 b,0,0,0
213,261,HAT-P-6 b,37.82,0,0
214,841,HAT-P-65 b,26.37989,0,0
215,927,HAT-P-66 b,18.11631,0,0
216,320,HAT-P-67 b,79.4575,0,0
217,320,HAT-P-7 b,6.67443,0,0
218,230,HAT-P-8 b,57.21,0,0
219,480,HAT-P-9 b,28.6,0,0
220,303,HATS-1 b,83.268,0,0
221,496,HATS-10 b,25.74423,0,0
222,906,HATS-11 b,38.1396,0,0
223,981,HATS-12 b,34.9613,0,0
224,476,HATS-13 b,22.88376,0,0
225,513,HATS-14 b,22.2481,0,0
226,689,HATS-15 b,47.6745,0,0
227,774,HATS-16 b,60.3877,0,0
228,339,HATS-17 b,20.65895,0,0
229,645,HATS-18 b,24.47291,0,0
230,360,HATS-2 b,47.672,0,0
231,207.9,HATS-22 b,34.9613,0,0
232,747,HATS-23 b,22.88376,0,0
233,510,HATS-24 b,57.2094,0,0
234,466,HATS-25 b,13.34886,0,0
235,907,HATS-26 b,24.15508,0,0
236,840,HATS-27 b,41.3179,0,0
237,521,HATS-28 b,27.65121,0,0
238,351,HATS-29 b,20.02329,0,0
239,453,HATS-3 b,43.223,0,0
240,339,HATS-30 b,12.39537,0,0
241,872,HATS-31 b,38.1396,0,0
242,839,HATS-32 b,31.783,0,0
243,255,HATS-33 b,16.84499,0,0
244,532,HATS-34 b,22.88376,0,0
245,557,HATS-35 b,24.79074,0,0
246,420,HATS-4 b,8.899,0,0
247,257,HATS-5 b,3.814,0,0
248,148.4,HATS-6 b,22.2481,0,0
249,829,HATS-8 b,6.03877,0,0
250,622,HATS-9 b,9.21707,0,0
251,97,HD 100546 b,0,0,0
252,140.85,HD 100655 b,0,0,0
253,52.8,HD 100777 b,0,0,0
254,39.02,HD 10180 c,0,0,0
255,39.02,HD 10180 d,0,0,0
256,39.02,HD 10180 e,0,0,0
257,39.02,HD 10180 f,0,0,0
258,39.02,HD 10180 g,0,0,0
259,39.02,HD 10180 h,0,0,0
260,30.5,HD 101930 b,0,0,0
261,42,HD 102117 b,0,0,0
262,28.98,HD 102195 b,0,0,0
263,164.2,HD 102272 b,0,0,0
264,138.5,HD 102329 b,0,0,0
265,9.24,HD 102365 b,0,26.78,0
266,121.07,HD 102956 b,0,0,0
267,49.33,HD 103197 b,0,0,0
268,41.6,HD 103720 b,0,0,0
269,53.08,HD 103774 b,0,0,0
270,20.82,HD 104067 b,0,0,0
271,0,HD 10442 b,0,0,0
272,102.04,HD 104985 b,0,0,0
273,37.4,HD 106252 b,0,0,0
274,87.87,HD 106270 b,0,0,0
275,109.7,HD 106315 b,0,0,0
276,109.7,HD 106315 c,0,0,0
277,17.35,HD 10647 b,0,0,0
278,36.36,HD 106515 A b,0,0,0
279,91.83,HD 106906 b,636,0,0
280,32.6,HD 10697 b,0,28.54,0
281,51.26,HD 107148 b,0,0,0
282,38.56,HD 108147 b,0,0,0
283,49.4,HD 108341 b,0,0,0
284,138.5,HD 108863 b,0,0,0
285,68.5,HD 108874 b,0,0,0
286,68.5,HD 108874 c,0,0,0
287,65.6,HD 109246 b,0,0,0
288,56.92,HD 109271 b,0,0,0
289,56.92,HD 109271 c,0,0,0
290,59.03,HD 109749 b,0,0,0
291,90,HD 110014 b,0,0,0
292,28.88,HD 111232 b,0,0,0
293,32.73,HD 111998 b,0,29.03,0
294,37.42,HD 113337 b,0,29.21,0
295,15.9,HD 113538 b,0,0,0
296,15.9,HD 113538 c,0,0,0
297,28.04,HD 114386 b,0,0,0
298,20.48,HD 114613 b,0,28.36,0
299,35,HD 114729 b,0,0,0
300,40.57,HD 114762 b,0,0,0
301,20.4,HD 114783 b,0,0,0
302,51.7,HD 11506 b,0,0,0
303,51.7,HD 11506 c,0,0,0
304,110.62,HD 116029 b,0,0,0
305,33.01,HD 117207 b,0,0,0
306,231.5,HD 11755 b,0,0,0
307,38.02,HD 117618 b,0,0,0
308,88.57,HD 118203 b,0,0,0
309,33.98,HD 11964 b,0,0,0
310,33.98,HD 11964 c,0,0,0
311,66.49,HD 11977 b,0,0,0
312,97.66,HD 120084 b,0,0,0
313,44.37,HD 121504 b,0,0,0
314,51.1,HD 12484 b,0,0,0
315,27.45,HD 125595 b,0,0,0
316,52.83,HD 125612 b,0,0,0
317,52.83,HD 125612 c,0,0,0
318,52.83,HD 125612 d,0,0,0
319,158.4,HD 12648 b,0,0,0
320,37.16,HD 12661 b,0,0,0
321,37.16,HD 12661 c,0,0,0
322,68.35,HD 126614 b,0,0,0
323,0,HD 128311 b,0,28.52,0
324,0,HD 128311 c,293.67492,28.52,0
325,26.03,HD 128356 b,0,0,0
326,67.61,HD 129445 b,0,0,0
327,29.76,HD 130322 b,0,0,0
328,121.36,HD 131496 b,0,0,0
329,57.21,HD 131664 b,0,0,0
330,300.3,HD 13189 b,0,0,0
331,70.97,HD 132406 b,0,0,0
332,98.52,HD 132563 b,0,0,0
333,47,HD 133131 A b,0,0,0
334,47,HD 133131 A c,0,0,0
335,47,HD 133131 B b,0,0,0
336,22.2,HD 134987 b,0,0,0
337,22.2,HD 134987 c,0,0,0
338,106.38,HD 136418 b,0,0,0
339,38.45,HD 137388 A b,0,0,0
340,66.89,HD 13908 b,0,0,0
341,66.89,HD 13908 c,0,0,0
342,45.52,HD 13931 b,0,0,0
343,121.36,HD 139357 b,0,0,0
344,163.4,HD 14067 b,0,0,0
345,36.2,HD 141399 b,0,0,0
346,36.2,HD 141399 c,0,0,0
347,36.2,HD 141399 d,0,0,0
348,36.2,HD 141399 e,0,0,0
349,33.46,HD 141937 b,0,0,0
350,25.64,HD 142 b,0,0,0
351,25.64,HD 142 c,0,0,0
352,35.87,HD 142022 A b,0,0,0
353,106.38,HD 142245 b,0,0,0
354,34.57,HD 142415 b,0,0,0
355,48.7,HD 143105 b,0,0,0
356,65.66,HD 143361 b,0,0,0
357,55.19,HD 145377 b,0,0,0
358,126.1,HD 145457 b,0,0,0
359,0,HD 145934 b,0,0,0
360,23.44,HD 1461 b,0,0,0
361,23.44,HD 1461 c,0,0,0
362,42.96,HD 147018 b,0,0,0
363,42.96,HD 147018 c,0,0,0
364,12.87,HD 147513 b,0,28.96,0
365,104.93,HD 147873 b,0,0,0
366,104.93,HD 147873 c,0,0,0
367,53.05,HD 148156 b,0,0,0
368,59.28,HD 148427 b,0,0,0
369,78.86,HD 149026 b,4.132,0,0
370,63.49,HD 149143 b,0,0,0
371,167.5,HD 1502 b,0,0,0
372,27.23,HD 150706 b,0,28.89,0
373,83.33,HD 152079 b,0,0,0
374,182.82,HD 152581 b,0,0,0
375,51.87,HD 153950 b,0,0,0
376,18.06,HD 154345 b,0,0,0
377,64.77,HD 154672 b,0,0,0
378,68.54,HD 154857 b,0,0,0
379,68.54,HD 154857 c,0,0,0
380,75.13,HD 155233 b,0,0,0
381,43.4,HD 155358 b,0,0,0
382,43.4,HD 155358 c,0,0,0
383,35.37,HD 156279 b,0,0,0
384,55.1,HD 156411 b,0,0,0
385,24.05,HD 156668 b,0,0,0
386,49,HD 156846 b,0,0,0
387,114.15,HD 158038 b,0,0,0
388,68.59,HD 159243 b,0,0,0
389,68.59,HD 159243 c,0,0,0
390,52.72,HD 159868 b,0,0,0
391,52.72,HD 159868 c,0,0,0
392,84.6,HD 1605 b,0,0,0
393,84.6,HD 1605 c,0,0,0
394,15.28,HD 160691 b,0,0,0
395,15.28,HD 160691 c,0,0,0
396,15.28,HD 160691 d,0,0,0
397,15.28,HD 160691 e,0,0,0
398,35.91,HD 16141 b,0,0,0
399,59.84,HD 16175 b,0,0,0
400,31.26,HD 162020 b,0,0,0
401,69.44,HD 163607 b,0,0,0
402,69.44,HD 163607 c,0,0,0
403,25.54,HD 16417 b,0,28.47,0
404,51.81,HD 164509 b,0,0,0
405,28.93,HD 164595 b,0,0,0
406,37.98,HD 164604 b,0,0,0
407,22.13,HD 164922 b,0,0,0
408,22.13,HD 164922 c,0,0,0
409,64.98,HD 165155 b,0,0,0
410,110.62,HD 1666 b,0,0,0
411,42.99,HD 166724 b,0,0,0
412,50,HD 167042 b,0,0,0
413,37.88,HD 168443 b,0,0,0
414,37.88,HD 168443 c,0,0,0
415,43.12,HD 168746 b,0,0,0
416,7.01,HD 1690 b,0,0,0
417,36.32,HD 169830 b,0,0,0
418,36.32,HD 169830 c,0,0,0
419,64.98,HD 170469 b,0,0,0
420,0,HD 17092 b,0,0,0
421,90,HD 171028 b,0,0,0
422,44.05,HD 171238 b,0,0,0
423,75,HD 17156 b,25.43,0,0
424,134.95,HD 173416 b,0,0,0
425,67.02,HD 175167 b,0,0,0
426,127.55,HD 175541 b,0,0,0
427,45.27,HD 175607 b,0,0,0
428,44.5,HD 17674 b,0,0,0
429,17.17,HD 177565 b,0,28.06,0
430,59.03,HD 177830 b,0,0,0
431,59.03,HD 177830 c,0,0,0
432,47,HD 178911 B b,0,29,0
433,63.69,HD 179079 b,0,0,0
434,27.05,HD 179949 b,0,28.61,0
435,131.75,HD 180314 b,0,0,0
436,114.55,HD 180902 b,0,0,0
437,110.62,HD 181342 b,0,0,0
438,26.15,HD 181433 b,0,0,0
439,26.15,HD 181433 c,0,0,0
440,26.15,HD 181433 d,0,0,0
441,55.93,HD 181720 b,0,0,0
442,52.83,HD 183263 b,0,0,0
443,52.83,HD 183263 c,0,0,0
444,47.37,HD 185269 b,0,0,0
445,44.98,HD 187085 b,0,0,0
446,47.92,HD 187123 b,0,0,0
447,47.92,HD 187123 c,0,0,0
448,127.88,HD 18742 b,0,0,0
449,52.63,HD 188015 b,0,0,0
450,19.25,HD 189733 b,0,28.44,0
451,15.89,HD 190360 b,0,0,0
452,15.89,HD 190360 c,0,0,0
453,54.23,HD 190647 b,0,0,0
454,189.39,HD 190984 b,0,0,0
455,73.47,HD 191806 b,0,0,0
456,19.89,HD 192263 b,0,0,0
457,8.82,HD 192310 b,0,27.23,0
458,8.82,HD 192310 c,0,27.23,0
459,67.39,HD 192699 b,0,0,0
460,37.35,HD 195019 b,0,0,0
461,46.93,HD 196050 b,0,0,0
462,43.57,HD 196067 b,0,0,0
463,32.99,HD 196885 b,0,0,0
464,32.83,HD 197037 b,0,0,0
465,22.38,HD 19994 b,0,0,0
466,68.35,HD 200964 b,0,0,0
467,68.35,HD 200964 c,0,0,0
468,46.34,HD 202206 b,0,0,0
469,46.34,HD 202206 c,0,0,0
470,40.85,HD 203030 b,2662.991,0,0
471,89.85,HD 2039 b,0,0,0
472,47.3,HD 204313 b,0,0,0
473,47.3,HD 204313 c,0,0,0
474,26.95,HD 204941 b,0,0,0
475,90.33,HD 205739 b,0,0,0
476,170.07,HD 206610 b,0,0,0
477,35.5,HD 20782 b,0,0,0
478,55.31,HD 207832 b,0,0,0
479,55.31,HD 207832 c,0,0,0
480,6.06,HD 20794 b,0,26.7,0
481,6.06,HD 20794 c,0,26.7,0
482,6.06,HD 20794 d,0,26.7,0
483,6.06,HD 20794 e,0,26.7,0
484,44,HD 208487 b,0,0,0
485,352.11,HD 208527 b,0,0,0
486,48.9,HD 20868 b,0,0,0
487,64.68,HD 208897 b,0,0,0
488,47.08,HD 209458 b,0,0,0
489,21.29,HD 210277 b,0,0,0
490,55.93,HD 210702 b,0,0,0
491,52.72,HD 212301 b,0,0,0
492,121.8,HD 212771 b,0,0,0
493,40.75,HD 213240 b,0,0,0
494,97.47,HD 214823 b,0,0,0
495,43.53,HD 215497 b,0,0,0
496,43.53,HD 215497 c,0,0,0
497,33.29,HD 216435 b,0,0,0
498,26.52,HD 216437 b,0,0,0
499,0,HD 216536 b,0,0,0
500,37.89,HD 216770 b,0,0,0
501,19.72,HD 217107 b,0,0,0
502,19.72,HD 217107 c,0,0,0
503,54.8,HD 217786 b,0,0,0
504,29.94,HD 218566 b,0,0,0
505,29.2,HD 219077 b,0,0,0
506,6.55,HD 219134 b,0.19,26.6,0
507,6.55,HD 219134 c,0.22,26.6,0
508,6.55,HD 219134 d,0.64,26.6,0
509,6.55,HD 219134 f,0.4,26.6,0
510,6.55,HD 219134 g,0,26.6,0
511,6.55,HD 219134 h,0,26.6,0
512,169.78,HD 219415 b,0,0,0
513,77.9,HD 219828 b,0,0,0
514,77.9,HD 219828 c,0,0,0
515,289.02,HD 220074 b,0,0,0
516,45.23,HD 220689 b,0,0,0
517,48.43,HD 220773 b,0,0,0
518,62.5,HD 220842 b,0,0,0
519,52.88,HD 221287 b,0,0,0
520,53.59,HD 221585 b,0,0,0
521,83.5,HD 222076 b,0,0,0
522,50.45,HD 222155 b,0,0,0
523,41.95,HD 222582 b,0,0,0
524,77.76,HD 224538 b,0,0,0
525,94.07,HD 224693 b,0,0,0
526,31.79,HD 22781 b,0,0,0
527,34.6,HD 23079 b,0,0,0
528,89.13,HD 23127 b,0,0,0
529,108.46,HD 231701 b,0,0,0
530,0,HD 233604 b,0,0,0
531,52,HD 23596 b,0,0,0
532,0,HD 240210 b,0,0,0
533,307.69,HD 240237 b,0,0,0
534,46.51,HD 24040 b,0,0,0
535,264.4,HD 24064 b,0,0,0
536,56.05,HD 25171 b,0,0,0
537,53.71,HD 2638 b,0,0,0
538,18.24,HD 27442 b,0,27.84,0
539,44.54,HD 27631 b,0,0,0
540,42.37,HD 27894 b,0,0,0
541,42.37,HD 27894 c,0,0,0
542,42.37,HD 27894 d,0,0,0
543,39.6,HD 28185 b,0,0,0
544,54.7,HD 28254 b,0,0,0
545,42.43,HD 285507 b,0,0,0
546,9.42,HD 285968 b,0,27.48,0
547,168.92,HD 28678 b,0,0,0
548,30.6,HD 29021 b,0,0,0
549,56.7,HD 290327 b,0,0,0
550,115.21,HD 2952 b,0,0,0
551,54.71,HD 30177 b,0,0,0
552,54.71,HD 30177 c,0,0,0
553,26.5,HD 30562 b,0,0,0
554,57.1,HD 30669 b,0,0,0
555,121.07,HD 30856 b,0,0,0
556,53.82,HD 31253 b,0,0,0
557,45.8,HD 3167 b,0.38,0,0
558,45.8,HD 3167 c,1.3,0,0
559,45.8,HD 3167 d,0,0,0
560,117.37,HD 32518 b,0,0,0
561,35.24,HD 32963 b,0,0,0
562,50.2,HD 330075 b,0,0,0
563,136.8,HD 33142 b,0,0,0
564,86.88,HD 33283 b,0,0,0
565,20.98,HD 33564 b,0,28.15,0
566,100.9,HD 33844 b,0,0,0
567,100.9,HD 33844 c,0,0,0
568,45.01,HD 34445 b,0,0,0
569,45.01,HD 34445 c,0,0,0
570,45.01,HD 34445 d,0,0,0
571,45.01,HD 34445 e,0,0,0
572,45.01,HD 34445 f,0,0,0
573,45.01,HD 34445 g,0,0,0
574,72.5,HD 35759 b,0,0,0
575,11.1,HD 3651 b,0,27.21,0
576,33.24,HD 37124 b,0,0,0
577,33.24,HD 37124 c,0,0,0
578,33.24,HD 37124 d,0,0,0
579,42.88,HD 37605 b,0,0,0
580,42.88,HD 37605 c,0,0,0
581,37.78,HD 38283 b,0,0,0
582,42.4,HD 38529 b,0,29.02,0
583,42.4,HD 38529 c,0,29.02,0
584,99.4,HD 38801 b,0,0,0
585,18.21,HD 39091 b,0,27.45,0
586,12.83,HD 40307 b,0,0,0
587,12.83,HD 40307 c,0,0,0
588,12.83,HD 40307 d,0,0,0
589,12.83,HD 40307 f,0,0,0
590,12.83,HD 40307 g,0,0,0
591,33.3,HD 40979 b,0,0,0
592,43.03,HD 41004 A b,0,0,0
593,43.03,HD 41004 B b,0,0,0
594,44.05,HD 4113 b,0,0,0
595,37.1,HD 42012 b,0,0,0
596,77.82,HD 4203 b,0,0,0
597,77.82,HD 4203 c,0,0,0
598,32.7,HD 4208 b,0,0,0
599,23.5,HD 42618 b,0,0,0
600,21.85,HD 4308 b,0,0,0
601,131.41,HD 4313 b,0,0,0
602,56.3,HD 43197 b,0,0,0
603,93.2,HD 43691 b,0,0,0
604,50.4,HD 44219 b,0,0,0
605,48.95,HD 45350 b,0,0,0
606,32.58,HD 45364 b,0,0,0
607,32.58,HD 45364 c,0,0,0
608,36.14,HD 45652 b,0,0,0
609,33.41,HD 46375 b,0,0,0
610,37.84,HD 47186 b,0,0,0
611,37.84,HD 47186 c,0,0,0
612,56.5,HD 4732 b,0,0,0
613,56.5,HD 4732 c,0,0,0
614,121.36,HD 47536 b,0,0,0
615,85.4,HD 48265 b,0,0,0
616,40.73,HD 49674 b,0,0,0
617,47.26,HD 50499 b,0,0,0
618,31.03,HD 50554 b,0,0,0
619,28.07,HD 52265 b,0,0,0
620,114,HD 5319 b,0,0,0
621,114,HD 5319 c,0,0,0
622,221,HD 5583 b,0,0,0
623,58.17,HD 5608 b,0,0,0
624,53.6,HD 564 b,0,0,0
625,150.6,HD 5891 b,0,0,0
626,96.8,HD 59686 A b,0,0,0
627,25.3,HD 60532 b,0,0,0
628,25.3,HD 60532 c,0,0,0
629,10.34,HD 62509 b,0,27.52,0
630,35.8,HD 63454 b,0,0,0
631,32.62,HD 63765 b,0,0,0
632,40.32,HD 6434 b,0,0,0
633,35.59,HD 65216 b,0,0,0
634,35.59,HD 65216 c,0,0,0
635,80.06,HD 66141 b,0,0,0
636,55.04,HD 66428 b,0,0,0
637,88.81,HD 67087 b,0,0,0
638,88.81,HD 67087 c,0,0,0
639,54.9,HD 6718 b,0,0,0
640,78,HD 68402 b,0,0,0
641,58.82,HD 68988 b,0,0,0
642,12.58,HD 69830 b,0,27.48,0
643,12.58,HD 69830 c,0,27.48,0
644,12.58,HD 69830 d,0,27.48,0
645,45.7,HD 70573 b,0,0,0
646,28.76,HD 70642 b,0,0,0
647,35.88,HD 7199 b,0,0,0
648,51.4,HD 72659 b,0,0,0
649,72.78,HD 72892 b,0,0,0
650,36.52,HD 73256 b,0,0,0
651,54.91,HD 73267 b,0,0,0
652,94.61,HD 73526 b,0,0,0
653,94.61,HD 73526 c,0,0,0
654,81,HD 73534 b,0,0,0
655,64.6,HD 74156 b,0,0,0
656,64.6,HD 74156 c,0,0,0
657,38.52,HD 7449 b,0,0,0
658,28.94,HD 75289 b,0,0,0
659,68.7,HD 75784 b,0,0,0
660,80.58,HD 75898 b,0,0,0
661,59.7,HD 76700 b,0,0,0
662,41.27,HD 77338 b,4.7,0,0
663,16.82,HD 7924 b,0,27.43,0
664,16.82,HD 7924 c,0,27.43,0
665,16.82,HD 7924 d,0,27.43,0
666,48.64,HD 79498 b,0,0,0
667,29.04,HD 80606 b,34.96,0,0
668,32.56,HD 81040 b,0,0,0
669,88.26,HD 81688 b,0,0,0
670,112.23,HD 82886 b,0,0,0
671,27.46,HD 82943 b,8.899,0,0
672,27.46,HD 82943 c,14.937,0,0
673,43.53,HD 83443 b,0,0,0
674,52.5,HD 8535 b,0,0,0
675,33.96,HD 85390 b,0,0,0
676,11.15,HD 85512 b,0,27.33,0
677,44.2,HD 8574 b,0,0,0
678,91.16,HD 86081 b,0,0,0
679,42.48,HD 86226 b,0,0,0
680,72.57,HD 86264 b,0,0,0
681,38.26,HD 8673 b,0,28.75,0
682,169,HD 86950 b,0,0,0
683,73.58,HD 87646 b,0,0,0
684,18.06,HD 87883 b,0,0,0
685,74.46,HD 88133 b,193.8763,0,0
686,30.88,HD 89307 b,0,0,0
687,39,HD 89744 b,0,0,0
688,22.09,HD 90156 b,0,0,0
689,78.93,HD 9174 b,0,0,0
690,32.32,HD 92788 b,0,0,0
691,28.9,HD 93083 b,0,0,0
692,52.85,HD 9446 b,0,0,0
693,52.85,HD 9446 c,0,0,0
694,91.57,HD 95086 b,636,0,0
695,149.03,HD 95089 b,0,0,0
696,332,HD 95127 b,0,0,0
697,7.56,HD 95872 b,0,0,0
698,132.8,HD 96063 b,0,0,0
699,221.24,HD 96127 b,0,0,0
700,84.03,HD 96167 b,0,0,0
701,21.3,HD 97658 b,0.73,0,0
702,150.38,HD 98219 b,0,0,0
703,42.77,HD 98649 b,0,0,0
704,60.46,HD 99109 b,0,0,0
705,55.7,HD 99492 b,0,27.56,0
706,130.89,HD 99706 b,0,0,0
707,84.6,HIP 105854 b,0,0,0
708,0,HIP 107773 b,0,0,0
709,56.2,HIP 109384 b,0,0,0
710,58.6,HIP 109600 b,0,0,0
711,55.2,HIP 116454 b,1.33,0,0
712,23.8,HIP 12961 b,0,0,0
713,52.88,HIP 14810 b,0,0,0
714,52.88,HIP 14810 c,0,0,0
715,52.88,HIP 14810 d,0,0,0
716,116.14,HIP 41378 b,0,0,0
717,116.14,HIP 41378 c,0,0,0
718,116.14,HIP 41378 d,0,0,0
719,116.14,HIP 41378 e,0,0,0
720,116.14,HIP 41378 f,0,0,0
721,44.8,HIP 5158 b,0,0,0
722,44.8,HIP 5158 c,0,0,0
723,25.87,HIP 57274 b,0,0,0
724,25.87,HIP 57274 c,0,0,0
725,25.87,HIP 57274 d,0,0,0
726,149.25,HIP 63242 b,0,0,0
727,55.5,HIP 65407 b,0,0,0
728,55.5,HIP 65407 c,0,0,0
729,111.4,HIP 65426 b,953.49,0,0
730,0,HIP 65891 b,0,0,0
731,112.6,HIP 67537 b,0,0,0
732,0,HIP 67851 b,0,0,0
733,0,HIP 67851 c,0,0,0
734,23.98,HIP 70849 b,0,0,0
735,91.49,HIP 74890 b,0,0,0
736,31.33,HIP 75458 b,0,0,0
737,156.7,HIP 78530 b,300,0,0
738,14.9,HIP 79431 b,0,0,0
739,168.63,HIP 8541 b,0,0,0
740,44.46,HIP 91258 b,0,0,0
741,106.5,HIP 97233 b,0,0,0
742,18.39,HN Peg b,2996.39,29.25,0
743,33.63,HR 2562 b,4767.45,0,0
744,17.24,HR 810 b,0,28.83,0
745,39.4,HR 8799 b,1000,28.17,0
746,39.4,HR 8799 c,1000,28.17,0
747,39.4,HR 8799 d,1000,28.17,0
748,39.4,HR 8799 e,0,28.17,0
749,271,K2-10 b,17,0,0
750,181.5,K2-100 b,0,0,0
751,181.5,K2-101 b,0,0,0
752,181.5,K2-102 b,0,0,0
753,181.5,K2-104 b,0,0,0
754,233,K2-105 b,19,0,0
755,0,K2-107 b,25.4264,0,0
756,0,K2-108 b,4.4,0,0
757,2019,K2-11 b,0,0,0
758,118,K2-110 b,3.2,0,0
759,210,K2-111 b,3.9,0,0
760,553.4,K2-113 b,41.3179,0,0
761,481,K2-114 b,73.1009,0,0
762,417,K2-115 b,57.2094,0,0
763,56.15,K2-116 b,0,0,0
764,0,K2-117 b,0,0,0
765,0,K2-117 c,0,0,0
766,0,K2-118 b,0,0,0
767,0,K2-119 b,0,0,0
768,294,K2-12 b,0,0,0
769,0,K2-120 b,0,0,0
770,0,K2-121 b,0,0,0
771,0,K2-122 b,0,0,0
772,0,K2-123 b,0,0,0
773,0,K2-124 b,0,0,0
774,0,K2-125 b,0,0,0
775,0,K2-126 b,0,0,0
776,0,K2-127 b,0,0,0
777,0,K2-128 b,0,0,0
778,0,K2-129 b,0,0,0
779,290,K2-13 b,0,0,0
780,0,K2-130 b,0,0,0
781,174,K2-131 b,1.6,0,0
782,0,K2-132 b,19.0698,0,0
783,78,K2-133 b,0,0,0
784,78,K2-133 c,0,0,0
785,78,K2-133 d,0,0,0
786,30.3,K2-135 b,0,0,0
787,30.3,K2-135 c,0,0,0
788,30.3,K2-135 d,0,0,0
789,219,K2-14 b,0,0,0
790,437,K2-15 b,0,0,0
791,324,K2-16 b,0,0,0
792,324,K2-16 c,0,0,0
793,134,K2-17 b,0,0,0
794,34,K2-18 b,0,0,0
795,291,K2-19 b,0,0,0
796,291,K2-19 c,0,0,0
797,291,K2-19 d,0,0,0
798,65,K2-21 b,0,0,0
799,65,K2-21 c,0,0,0
800,225,K2-22 b,0,0,0
801,181,K2-24 b,0,0,0
802,181,K2-24 c,0,0,0
803,45.7,K2-25 b,0,0,0
804,93,K2-26 b,0,0,0
805,0,K2-27 b,4.6,0,0
806,53,K2-28 b,0,0,0
807,185,K2-29 b,12.7132,0,0
808,42,K2-3 b,0,0,0
809,42,K2-3 c,0,0,0
810,42,K2-3 d,0,0,0
811,278,K2-30 b,8.89924,0,0
812,0,K2-31 b,25.10857,0,0
813,0,K2-32 b,2.7,0,0
814,0,K2-32 c,0,0,0
815,0,K2-32 d,4.7,0,0
816,145,K2-33 b,0,0,0
817,377,K2-34 b,41.3179,0,0
818,0,K2-35 b,0,0,0
819,0,K2-35 c,0,0,0
820,0,K2-36 b,0,0,0
821,0,K2-36 c,0,0,0
822,0,K2-37 b,0,0,0
823,0,K2-37 c,0,0,0
824,0,K2-37 d,0,0,0
825,0,K2-38 b,2.9,0,0
826,0,K2-38 c,4.6,0,0
827,298.18,K2-39 b,4.4,0,0
828,0,K2-4 b,0,0,0
829,0,K2-42 b,0,0,0
830,0,K2-43 b,0,0,0
831,0,K2-44 b,0,0,0
832,0,K2-45 b,0,0,0
833,0,K2-46 b,0,0,0
834,0,K2-47 b,0,0,0
835,0,K2-48 b,0,0,0
836,0,K2-49 b,0,0,0
837,0,K2-5 b,0,0,0
838,0,K2-5 c,0,0,0
839,0,K2-50 b,0,0,0
840,0,K2-52 b,0,0,0
841,0,K2-53 b,0,0,0
842,0,K2-54 b,0,0,0
843,0,K2-55 b,0,0,0
844,0,K2-57 b,0,0,0
845,0,K2-58 b,0,0,0
846,0,K2-58 c,0,0,0
847,0,K2-58 d,0,0,0
848,0,K2-59 b,0,0,0
849,0,K2-59 c,0,0,0
850,0,K2-6 b,0,0,0
851,0,K2-60 b,11.75971,0,0
852,0,K2-61 b,0,0,0
853,0,K2-62 b,0,0,0
854,0,K2-62 c,0,0,0
855,0,K2-63 b,0,0,0
856,0,K2-64 b,0,0,0
857,78.06,K2-65 b,0,0,0
858,0,K2-66 b,0,0,0
859,0,K2-68 b,0,0,0
860,0,K2-69 b,0,0,0
861,0,K2-7 b,0,0,0
862,0,K2-70 b,0,0,0
863,0,K2-71 b,0,0,0
864,0,K2-72 b,0,0,0
865,0,K2-72 c,0,0,0
866,0,K2-72 d,0,0,0
867,0,K2-72 e,0,0,0
868,0,K2-73 b,0,0,0
869,0,K2-74 b,0,0,0
870,0,K2-75 b,0,0,0
871,0,K2-75 c,0,0,0
872,141,K2-77 b,0,0,0
873,0,K2-79 b,0,0,0
874,0,K2-8 b,0,0,0
875,0,K2-8 c,0,0,0
876,0,K2-80 b,0,0,0
877,0,K2-80 c,0,0,0
878,0,K2-81 b,0,0,0
879,0,K2-83 b,0,0,0
880,0,K2-83 c,0,0,0
881,0,K2-84 b,0,0,0
882,0,K2-84 c,0,0,0
883,0,K2-85 b,0,0,0
884,0,K2-86 b,0,0,0
885,0,K2-87 b,0,0,0
886,0,K2-88 b,0,0,0
887,0,K2-89 b,0,0,0
888,110,K2-9 b,0,0,0
889,0,K2-90 b,0,0,0
890,0,K2-90 c,0,0,0
891,0,K2-91 b,0,0,0
892,172,K2-95 b,2.73,0,0
893,763,K2-97 b,34.9613,0,0
894,435,K2-98 b,8.1,0,0
895,606,K2-99 b,28.6047,0,0
896,262,KELT-1 b,158.908,0,0
897,183,KELT-10 b,12.39537,0,0
898,98,KELT-11 b,6.03877,0,0
899,360,KELT-12 b,44.4962,0,0
900,266,KELT-14 b,10.17056,0,0
901,291,KELT-15 b,66.7443,0,0
902,395.26,KELT-16 b,50.8528,0,0
903,210,KELT-17 b,88.9924,0,0
904,311,KELT-18 b,34.9613,0,0
905,124.22,KELT-2 A b,24.7897,0,0
906,139.7,KELT-20 b,0,0,0
907,178,KELT-3 b,20.976,0,0
908,210,KELT-4 A b,19.0698,0,0
909,222,KELT-6 b,0,0,0
910,222,KELT-6 c,0,0,0
911,129,KELT-7 b,57.2094,0,0
912,236,KELT-8 b,20.65895,0,0
913,188.7,KELT-9 b,266.9772,0,0
914,0,KIC 10001893 b,0,0,0
915,0,KIC 10001893 c,0,0,0
916,0,KIC 10001893 d,0,0,0
917,0,KIC 10525077 b,0,0,0
918,0,KIC 3558849 b,0,0,0
919,0,KIC 5437945 b,0,0,0
920,0,KIC 5951458 b,0,0,0
921,0,KIC 7917485 b,0,0,0
922,0,KIC 8540376 b,0,0,0
923,0,KIC 8540376 c,0,0,0
924,0,KIC 9663113 b,0,0,0
925,426,KOI-12 b,0,0,0
926,900,KOI-1257 b,111.24,0,0
927,0,KOI-13 b,50.8528,0,0
928,339,KOI-142 b,2.5,0,0
929,339,KOI-142 c,9.2,0,0
930,800,KOI-217 b,0,0,0
931,780,KOI-351 b,0,0,0
932,780,KOI-351 c,0,0,0
933,780,KOI-351 d,0,0,0
934,780,KOI-351 e,0,0,0
935,780,KOI-351 f,0,0,0
936,780,KOI-351 g,0,0,0
937,780,KOI-351 h,0,0,0
938,1180,KOI-55 b,0,0,0
939,1180,KOI-55 c,0,0,0
940,0,KOI-94 b,4.6,0,0
941,0,KOI-94 c,5.7,0,0
942,0,KOI-94 d,11,0,0
943,0,KOI-94 e,18,0,0
944,3.92,Kapteyn c,0,26.6,0
945,173,Kepler-10 b,1.27132,0,0
946,173,Kepler-10 c,1.9,0,0
947,0,Kepler-100 b,3.2,0,0
948,0,Kepler-100 c,0,0,0
949,0,Kepler-100 d,0,0,0
950,925,Kepler-1000 b,0,0,0
951,1009,Kepler-1001 b,0,0,0
952,425,Kepler-1002 b,0,0,0
953,873,Kepler-1003 b,0,0,0
954,1080,Kepler-1004 b,0,0,0
955,515,Kepler-1005 b,0,0,0
956,496,Kepler-1006 b,0,0,0
957,365,Kepler-1007 b,0,0,0
958,299,Kepler-1008 b,0,0,0
959,281,Kepler-1009 b,0,0,0
960,0,Kepler-101 b,5.1,0,0
961,0,Kepler-101 c,0,0,0
962,610,Kepler-1010 b,0,0,0
963,860,Kepler-1011 b,0,0,0
964,420,Kepler-1012 b,0,0,0
965,433,Kepler-1013 b,0,0,0
966,672,Kepler-1014 b,0,0,0
967,932,Kepler-1015 b,0,0,0
968,1239,Kepler-1016 b,0,0,0
969,1239,Kepler-1016 c,0,0,0
970,554,Kepler-1017 b,0,0,0
971,894,Kepler-1018 b,0,0,0
972,198,Kepler-1019 b,0,0,0
973,0,Kepler-102 b,0,0,0
974,0,Kepler-102 c,0,0,0
975,0,Kepler-102 d,1.8,0,0
976,0,Kepler-102 e,2,0,0
977,0,Kepler-102 f,0,0,0
978,446,Kepler-1020 b,0,0,0
979,837,Kepler-1021 b,0,0,0
980,455,Kepler-1022 b,0,0,0
981,686,Kepler-1023 b,0,0,0
982,1017,Kepler-1024 b,0,0,0
983,716,Kepler-1025 b,0,0,0
984,389,Kepler-1026 b,0,0,0
985,291,Kepler-1027 b,0,0,0
986,633,Kepler-1028 b,0,0,0
987,422,Kepler-1029 b,0,0,0
988,0,Kepler-103 b,8.6,0,0
989,0,Kepler-103 c,25.2,0,0
990,795,Kepler-1030 b,0,0,0
991,741,Kepler-1031 b,0,0,0
992,607,Kepler-1032 b,0,0,0
993,1425,Kepler-1033 b,0,0,0
994,706,Kepler-1034 b,0,0,0
995,408,Kepler-1035 b,0,0,0
996,507,Kepler-1036 b,0,0,0
997,451,Kepler-1037 b,0,0,0
998,622,Kepler-1038 b,0,0,0
999,324,Kepler-1039 b,0,0,0
1000,0,Kepler-104 b,0,0,0
1001,0,Kepler-104 c,0,0,0
1002,0,Kepler-104 d,0,0,0
1003,473,Kepler-1040 b,0,0,0
1004,979,Kepler-1041 b,0,0,0
1005,659,Kepler-1042 b,0,0,0
1006,838,Kepler-1043 b,0,0,0
1007,1507,Kepler-1044 b,0,0,0
1008,971,Kepler-1045 b,0,0,0
1009,518,Kepler-1046 b,0,0,0
1010,566,Kepler-1047 b,0,0,0
1011,566,Kepler-1047 c,0,0,0
1012,415,Kepler-1048 b,0,0,0
1013,129,Kepler-1049 b,0,0,0
1014,0,Kepler-105 b,0,0,0
1015,0,Kepler-105 c,0.92,0,0
1016,555,Kepler-1050 b,0,0,0
1017,555,Kepler-1050 c,0,0,0
1018,1021,Kepler-1051 b,0,0,0
1019,1051,Kepler-1052 b,0,0,0
1020,171,Kepler-1053 b,0,0,0
1021,1050,Kepler-1054 b,0,0,0
1022,422,Kepler-1055 b,0,0,0
1023,971,Kepler-1056 b,0,0,0
1024,1462,Kepler-1057 b,0,0,0
1025,525,Kepler-1058 b,0,0,0
1026,673,Kepler-1059 b,0,0,0
1027,0,Kepler-106 b,0,0,0
1028,0,Kepler-106 c,3.2,0,0
1029,0,Kepler-106 d,0,0,0
1030,0,Kepler-106 e,5.8,0,0
1031,861,Kepler-1060 b,0,0,0
1032,585,Kepler-1061 b,0,0,0
1033,388,Kepler-1062 b,0,0,0
1034,365,Kepler-1063 b,0,0,0
1035,374,Kepler-1064 b,0,0,0
1036,1078,Kepler-1065 b,0,0,0
1037,1078,Kepler-1065 c,0,0,0
1038,399,Kepler-1066 b,0,0,0
1039,689,Kepler-1067 b,0,0,0
1040,1532,Kepler-1068 b,0,0,0
1041,435,Kepler-1069 b,0,0,0
1042,0,Kepler-107 b,0,0,0
1043,0,Kepler-107 c,0,0,0
1044,0,Kepler-107 d,0,0,0
1045,0,Kepler-107 e,0,0,0
1046,1040,Kepler-1070 b,0,0,0
1047,964,Kepler-1071 b,0,0,0
1048,976,Kepler-1072 b,0,0,0
1049,837,Kepler-1073 b,0,0,0
1050,837,Kepler-1073 c,0,0,0
1051,245,Kepler-1074 b,0,0,0
1052,265,Kepler-1075 b,0,0,0
1053,199,Kepler-1076 b,0,0,0
1054,1098,Kepler-1077 b,0,0,0
1055,1215,Kepler-1078 b,0,0,0
1056,481,Kepler-1079 b,0,0,0
1057,0,Kepler-108 b,0,0,0
1058,0,Kepler-108 c,0,0,0
1059,688,Kepler-1080 b,0,0,0
1060,425,Kepler-1081 b,0,0,0
1061,628,Kepler-1082 b,0,0,0
1062,912,Kepler-1083 b,0,0,0
1063,427,Kepler-1084 b,0,0,0
1064,1518,Kepler-1085 b,0,0,0
1065,464,Kepler-1086 b,0,0,0
1066,464,Kepler-1086 c,0,0,0
1067,354,Kepler-1087 b,0,0,0
1068,300,Kepler-1088 b,0,0,0
1069,227,Kepler-1089 b,0,0,0
1070,0,Kepler-109 b,0,0,0
1071,0,Kepler-109 c,0,0,0
1072,702,Kepler-1090 b,0,0,0
1073,915,Kepler-1091 b,0,0,0
1074,914,Kepler-1092 b,0,0,0
1075,848,Kepler-1093 b,0,0,0
1076,848,Kepler-1093 c,0,0,0
1077,1371,Kepler-1094 b,0,0,0
1078,758,Kepler-1095 b,0,0,0
1079,344,Kepler-1096 b,0,0,0
1080,738,Kepler-1097 b,0,0,0
1081,876,Kepler-1098 b,0,0,0
1082,1209,Kepler-1099 b,0,0,0
1083,613,Kepler-11 b,1.4,0,0
1084,613,Kepler-11 c,2.9,0,0
1085,613,Kepler-11 d,0.8,0,0
1086,613,Kepler-11 e,1.5,0,0
1087,613,Kepler-11 f,0.8,0,0
1088,613,Kepler-11 g,0,0,0
1089,0,Kepler-110 b,0,0,0
1090,0,Kepler-110 c,0,0,0
1091,940,Kepler-1100 b,0,0,0
1092,897,Kepler-1101 b,0,0,0
1093,986,Kepler-1102 b,0,0,0
1094,921,Kepler-1103 b,0,0,0
1095,516,Kepler-1104 b,0,0,0
1096,369,Kepler-1105 b,0,0,0
1097,1168,Kepler-1106 b,0,0,0
1098,457,Kepler-1107 b,0,0,0
1099,764,Kepler-1108 b,0,0,0
1100,797,Kepler-1109 b,0,0,0
1101,0,Kepler-111 b,0,0,0
1102,0,Kepler-111 c,0,0,0
1103,726,Kepler-1110 b,0,0,0
1104,1142,Kepler-1111 b,0,0,0
1105,1734,Kepler-1112 b,0,0,0
1106,1127,Kepler-1113 b,0,0,0
1107,427,Kepler-1114 b,0,0,0
1108,935,Kepler-1115 b,0,0,0
1109,1017,Kepler-1116 b,0,0,0
1110,619,Kepler-1117 b,0,0,0
1111,818,Kepler-1118 b,0,0,0
1112,1288,Kepler-1119 b,0,0,0
1113,0,Kepler-112 b,0,0,0
1114,0,Kepler-112 c,0,0,0
1115,635,Kepler-1120 b,0,0,0
1116,529,Kepler-1121 b,0,0,0
1117,924,Kepler-1122 b,0,0,0
1118,796,Kepler-1123 b,0,0,0
1119,177,Kepler-1124 b,0,0,0
1120,910,Kepler-1125 b,0,0,0
1121,668,Kepler-1126 b,0,0,0
1122,996,Kepler-1127 b,0,0,0
1123,1163,Kepler-1128 b,0,0,0
1124,1258,Kepler-1129 b,0,0,0
1125,1258,Kepler-1129 c,0,0,0
1126,0,Kepler-113 b,4.2,0,0
1127,0,Kepler-113 c,0,0,0
1128,234,Kepler-1130 b,0,0,0
1129,1109,Kepler-1131 b,0,0,0
1130,940,Kepler-1132 b,0,0,0
1131,821,Kepler-1133 b,0,0,0
1132,997,Kepler-1134 b,0,0,0
1133,728,Kepler-1135 b,0,0,0
1134,545,Kepler-1136 b,0,0,0
1135,971,Kepler-1137 b,0,0,0
1136,1101,Kepler-1138 b,0,0,0
1137,555,Kepler-1139 b,0,0,0
1138,0,Kepler-114 b,0,0,0
1139,0,Kepler-114 c,0.6,0,0
1140,0,Kepler-114 d,1.7,0,0
1141,657,Kepler-1140 b,0,0,0
1142,365,Kepler-1141 b,0,0,0
1143,697,Kepler-1142 b,0,0,0
1144,632,Kepler-1143 b,0,0,0
1145,632,Kepler-1143 c,0,0,0
1146,1012,Kepler-1144 b,0,0,0
1147,714,Kepler-1145 b,0,0,0
1148,694,Kepler-1146 b,0,0,0
1149,1476,Kepler-1147 b,0,0,0
1150,682,Kepler-1148 b,0,0,0
1151,1023,Kepler-1149 b,0,0,0
1152,0,Kepler-115 b,0,0,0
1153,0,Kepler-115 c,0,0,0
1154,373,Kepler-1150 b,0,0,0
1155,763,Kepler-1151 b,0,0,0
1156,184,Kepler-1152 b,0,0,0
1157,1185,Kepler-1153 b,0,0,0
1158,1531,Kepler-1154 b,0,0,0
1159,1531,Kepler-1154 c,0,0,0
1160,987,Kepler-1155 b,0,0,0
1161,759,Kepler-1156 b,0,0,0
1162,346,Kepler-1157 b,0,0,0
1163,1258,Kepler-1158 b,0,0,0
1164,1238,Kepler-1159 b,0,0,0
1165,0,Kepler-116 b,0,0,0
1166,0,Kepler-116 c,0,0,0
1167,1293,Kepler-1160 b,0,0,0
1168,428,Kepler-1161 b,0,0,0
1169,989,Kepler-1162 b,0,0,0
1170,487,Kepler-1163 b,0,0,0
1171,447,Kepler-1164 b,0,0,0
1172,1081,Kepler-1165 b,0,0,0
1173,648,Kepler-1166 b,0,0,0
1174,811,Kepler-1167 b,0,0,0
1175,911,Kepler-1168 b,0,0,0
1176,538,Kepler-1169 b,0,0,0
1177,1430,Kepler-117 b,10.488,0,0
1178,1430,Kepler-117 c,57.21,0,0
1179,911,Kepler-1170 b,0,0,0
1180,615,Kepler-1171 b,0,0,0
1181,1292,Kepler-1172 b,0,0,0
1182,402,Kepler-1173 b,0,0,0
1183,829,Kepler-1174 b,0,0,0
1184,1244,Kepler-1175 b,0,0,0
1185,1023,Kepler-1176 b,0,0,0
1186,829,Kepler-1177 b,0,0,0
1187,336,Kepler-1178 b,0,0,0
1188,454,Kepler-1179 b,0,0,0
1189,0,Kepler-118 b,0,0,0
1190,0,Kepler-118 c,0,0,0
1191,1284,Kepler-1180 b,0,0,0
1192,867,Kepler-1181 b,0,0,0
1193,1258,Kepler-1182 b,0,0,0
1194,1378,Kepler-1183 b,0,0,0
1195,1193,Kepler-1184 b,0,0,0
1196,296,Kepler-1185 b,0,0,0
1197,1112,Kepler-1186 b,0,0,0
1198,1029,Kepler-1187 b,0,0,0
1199,1202,Kepler-1188 b,0,0,0
1200,883,Kepler-1189 b,0,0,0
1201,0,Kepler-119 b,0,0,0
1202,0,Kepler-119 c,0,0,0
1203,384,Kepler-1190 b,0,0,0
1204,876,Kepler-1191 b,0,0,0
1205,1108,Kepler-1192 b,0,0,0
1206,695,Kepler-1193 b,0,0,0
1207,616,Kepler-1194 b,0,0,0
1208,812,Kepler-1195 b,0,0,0
1209,946,Kepler-1196 b,0,0,0
1210,505,Kepler-1197 b,0,0,0
1211,777,Kepler-1198 b,0,0,0
1212,540,Kepler-1199 b,0,0,0
1213,600,Kepler-12 b,16.84499,0,0
1214,0,Kepler-120 b,0,0,0
1215,0,Kepler-120 c,0,0,0
1216,579,Kepler-1200 b,0,0,0
1217,1202,Kepler-1201 b,0,0,0
1218,1393,Kepler-1202 b,0,0,0
1219,269,Kepler-1203 b,0,0,0
1220,1282,Kepler-1204 b,0,0,0
1221,766,Kepler-1205 b,0,0,0
1222,807,Kepler-1206 b,0,0,0
1223,946,Kepler-1207 b,0,0,0
1224,877,Kepler-1208 b,0,0,0
1225,558,Kepler-1209 b,0,0,0
1226,0,Kepler-121 b,0,0,0
1227,0,Kepler-121 c,0,0,0
1228,1155,Kepler-1210 b,0,0,0
1229,1486,Kepler-1211 b,0,0,0
1230,1304,Kepler-1212 b,0,0,0
1231,685,Kepler-1213 b,0,0,0
1232,757,Kepler-1214 b,0,0,0
1233,701,Kepler-1215 b,0,0,0
1234,1124,Kepler-1216 b,0,0,0
1235,1363,Kepler-1217 b,0,0,0
1236,667,Kepler-1218 b,0,0,0
1237,622,Kepler-1219 b,0,0,0
1238,0,Kepler-122 b,0,0,0
1239,0,Kepler-122 c,0,0,0
1240,0,Kepler-122 d,0,0,0
1241,0,Kepler-122 e,0,0,0
1242,0,Kepler-122 f,19.4,0,0
1243,958,Kepler-1220 b,0,0,0
1244,909,Kepler-1221 b,0,0,0
1245,455,Kepler-1222 b,0,0,0
1246,455,Kepler-1223 b,0,0,0
1247,578,Kepler-1224 b,0,0,0
1248,1241,Kepler-1225 b,0,0,0
1249,779,Kepler-1226 b,0,0,0
1250,667,Kepler-1227 b,0,0,0
1251,547,Kepler-1228 b,0,0,0
1252,236,Kepler-1229 b,0,0,0
1253,0,Kepler-123 b,0,0,0
1254,0,Kepler-123 c,0,0,0
1255,1433,Kepler-1230 b,0,0,0
1256,948,Kepler-1231 b,0,0,0
1257,740,Kepler-1232 b,0,0,0
1258,1281,Kepler-1233 b,0,0,0
1259,866,Kepler-1234 b,0,0,0
1260,533,Kepler-1235 b,0,0,0
1261,1078,Kepler-1236 b,0,0,0
1262,1121,Kepler-1237 b,0,0,0
1263,1533,Kepler-1238 b,0,0,0
1264,2511,Kepler-1239 b,0,0,0
1265,0,Kepler-124 b,0,0,0
1266,0,Kepler-124 c,0,0,0
1267,0,Kepler-124 d,0,0,0
1268,614,Kepler-1240 b,0,0,0
1269,936,Kepler-1241 b,0,0,0
1270,682,Kepler-1242 b,0,0,0
1271,877,Kepler-1243 b,0,0,0
1272,764,Kepler-1244 b,0,0,0
1273,861,Kepler-1245 b,0,0,0
1274,861,Kepler-1245 c,0,0,0
1275,435,Kepler-1246 b,0,0,0
1276,1094,Kepler-1247 b,0,0,0
1277,540,Kepler-1248 b,0,0,0
1278,1674,Kepler-1249 b,0,0,0
1279,0,Kepler-125 b,0,0,0
1280,0,Kepler-125 c,0,0,0
1281,1371,Kepler-1250 b,0,0,0
1282,863,Kepler-1251 b,0,0,0
1283,828,Kepler-1252 b,0,0,0
1284,390,Kepler-1253 b,0,0,0
1285,676,Kepler-1254 b,0,0,0
1286,676,Kepler-1254 c,0,0,0
1287,676,Kepler-1254 d,0,0,0
1288,1344,Kepler-1255 b,0,0,0
1289,862,Kepler-1256 b,0,0,0
1290,1081,Kepler-1257 b,0,0,0
1291,651,Kepler-1258 b,0,0,0
1292,704,Kepler-1259 b,0,0,0
1293,0,Kepler-126 b,0,0,0
1294,0,Kepler-126 c,0,0,0
1295,0,Kepler-126 d,0,0,0
1296,1041,Kepler-1260 b,0,0,0
1297,795,Kepler-1261 b,0,0,0
1298,1153,Kepler-1262 b,0,0,0
1299,695,Kepler-1263 b,0,0,0
1300,814,Kepler-1264 b,0,0,0
1301,581,Kepler-1265 b,0,0,0
1302,901,Kepler-1266 b,0,0,0
1303,1628,Kepler-1267 b,0,0,0
1304,1406,Kepler-1268 b,0,0,0
1305,710,Kepler-1269 b,0,0,0
1306,0,Kepler-127 b,0,0,0
1307,0,Kepler-127 c,0,0,0
1308,0,Kepler-127 d,0,0,0
1309,1204,Kepler-1270 b,0,0,0
1310,885,Kepler-1271 b,0,0,0
1311,896,Kepler-1272 b,0,0,0
1312,1355,Kepler-1273 b,0,0,0
1313,609,Kepler-1274 b,0,0,0
1314,1280,Kepler-1275 b,0,0,0
1315,587,Kepler-1276 b,0,0,0
1316,606,Kepler-1277 b,0,0,0
1317,743,Kepler-1278 b,0,0,0
1318,1017,Kepler-1279 b,0,0,0
1319,0,Kepler-128 b,6,0,0
1320,0,Kepler-128 c,3.3,0,0
1321,1006,Kepler-1280 b,0,0,0
1322,1090,Kepler-1281 b,0,0,0
1323,1126,Kepler-1282 b,0,0,0
1324,1452,Kepler-1283 b,0,0,0
1325,852,Kepler-1284 b,0,0,0
1326,364,Kepler-1285 b,0,0,0
1327,1150,Kepler-1286 b,0,0,0
1328,1027,Kepler-1287 b,0,0,0
1329,715,Kepler-1288 b,0,0,0
1330,1059,Kepler-1289 b,0,0,0
1331,0,Kepler-129 b,0,0,0
1332,0,Kepler-129 c,0,0,0
1333,1321,Kepler-1290 b,0,0,0
1334,982,Kepler-1291 b,0,0,0
1335,1406,Kepler-1292 b,0,0,0
1336,770,Kepler-1293 b,0,0,0
1337,1120,Kepler-1294 b,0,0,0
1338,1257,Kepler-1295 b,0,0,0
1339,631,Kepler-1296 b,0,0,0
1340,996,Kepler-1297 b,0,0,0
1341,498,Kepler-1298 b,0,0,0
1342,1352,Kepler-1299 b,0,0,0
1343,0,Kepler-130 b,0,0,0
1344,0,Kepler-130 c,0,0,0
1345,0,Kepler-130 d,0,0,0
1346,757,Kepler-1300 b,0,0,0
1347,816,Kepler-1301 b,0,0,0
1348,727,Kepler-1302 b,0,0,0
1349,905,Kepler-1303 b,0,0,0
1350,682,Kepler-1304 b,0,0,0
1351,1343,Kepler-1305 b,0,0,0
1352,1130,Kepler-1306 b,0,0,0
1353,1396,Kepler-1307 b,0,0,0
1354,73,Kepler-1308 b,0,0,0
1355,845,Kepler-1309 b,0,0,0
1356,0,Kepler-131 b,3.5,0,0
1357,0,Kepler-131 c,5.9,0,0
1358,583,Kepler-1310 b,0,0,0
1359,705,Kepler-1311 b,0,0,0
1360,705,Kepler-1311 c,0,0,0
1361,305,Kepler-1312 b,0,0,0
1362,187,Kepler-1313 b,0,0,0
1363,462,Kepler-1314 b,0,0,0
1364,505,Kepler-1315 b,0,0,0
1365,753,Kepler-1316 b,0,0,0
1366,734,Kepler-1317 b,0,0,0
1367,475,Kepler-1318 b,0,0,0
1368,114,Kepler-1319 b,0,0,0
1369,0,Kepler-132 b,0,0,0
1370,0,Kepler-132 c,0,0,0
1371,0,Kepler-132 d,0,0,0
1372,0,Kepler-132 e,0,0,0
1373,771,Kepler-1320 b,0,0,0
1374,547,Kepler-1321 b,0,0,0
1375,547,Kepler-1321 c,0,0,0
1376,1217,Kepler-1322 b,0,0,0
1377,530,Kepler-1323 b,0,0,0
1378,522,Kepler-1324 b,0,0,0
1379,955,Kepler-1325 b,0,0,0
1380,910,Kepler-1326 b,0,0,0
1381,688,Kepler-1327 b,0,0,0
1382,630,Kepler-1328 b,0,0,0
1383,624,Kepler-1329 b,0,0,0
1384,0,Kepler-133 b,0,0,0
1385,0,Kepler-133 c,0,0,0
1386,939,Kepler-1330 b,0,0,0
1387,365,Kepler-1331 b,0,0,0
1388,515,Kepler-1332 b,0,0,0
1389,958,Kepler-1333 b,0,0,0
1390,1047,Kepler-1334 b,0,0,0
1391,628,Kepler-1335 b,0,0,0
1392,822,Kepler-1336 b,0,0,0
1393,822,Kepler-1336 c,0,0,0
1394,588,Kepler-1337 b,0,0,0
1395,619,Kepler-1338 b,0,0,0
1396,267,Kepler-1339 b,0,0,0
1397,0,Kepler-134 b,0,0,0
1398,0,Kepler-134 c,0,0,0
1399,1421,Kepler-1340 b,0,0,0
1400,466,Kepler-1341 b,0,0,0
1401,941,Kepler-1342 b,0,0,0
1402,1307,Kepler-1343 b,0,0,0
1403,851,Kepler-1344 b,0,0,0
1404,1164,Kepler-1345 b,0,0,0
1405,1123,Kepler-1346 b,0,0,0
1406,321,Kepler-1347 b,0,0,0
1407,1033,Kepler-1348 b,0,0,0
1408,260,Kepler-1349 b,0,0,0
1409,0,Kepler-135 b,0,0,0
1410,0,Kepler-135 c,0,0,0
1411,350,Kepler-1350 b,0,0,0
1412,350,Kepler-1350 c,0,0,0
1413,241,Kepler-1351 b,0,0,0
1414,637,Kepler-1352 b,0,0,0
1415,596,Kepler-1353 b,0,0,0
1416,1057,Kepler-1354 b,0,0,0
1417,963,Kepler-1355 b,0,0,0
1418,881,Kepler-1356 b,0,0,0
1419,1026,Kepler-1357 b,0,0,0
1420,558,Kepler-1358 b,0,0,0
1421,669,Kepler-1359 b,0,0,0
1422,0,Kepler-136 b,0,0,0
1423,0,Kepler-136 c,0,0,0
1424,1405,Kepler-1360 b,0,0,0
1425,404,Kepler-1361 b,0,0,0
1426,767,Kepler-1362 b,0,0,0
1427,559,Kepler-1363 b,0,0,0
1428,1149,Kepler-1364 b,0,0,0
1429,541,Kepler-1365 b,0,0,0
1430,541,Kepler-1365 c,0,0,0
1431,395,Kepler-1366 b,0,0,0
1432,357,Kepler-1367 b,0,0,0
1433,1750,Kepler-1368 b,0,0,0
1434,1236,Kepler-1369 b,0,0,0
1435,0,Kepler-137 b,0,0,0
1436,0,Kepler-137 c,0,0,0
1437,878,Kepler-1370 b,0,0,0
1438,878,Kepler-1370 c,0,0,0
1439,450,Kepler-1371 b,0,0,0
1440,450,Kepler-1371 c,0,0,0
1441,1161,Kepler-1372 b,0,0,0
1442,1112,Kepler-1373 b,0,0,0
1443,1135,Kepler-1374 b,0,0,0
1444,1238,Kepler-1375 b,0,0,0
1445,864,Kepler-1376 b,0,0,0
1446,1019,Kepler-1377 b,0,0,0
1447,562,Kepler-1378 b,0,0,0
1448,951,Kepler-1379 b,0,0,0
1449,0,Kepler-138 b,0.059,0,0
1450,0,Kepler-138 c,1.912,0,0
1451,0,Kepler-138 d,0.674,0,0
1452,1209,Kepler-1380 b,0,0,0
1453,1306,Kepler-1381 b,0,0,0
1454,730,Kepler-1382 b,0,0,0
1455,961,Kepler-1383 b,0,0,0
1456,618,Kepler-1384 b,0,0,0
1457,527,Kepler-1385 b,0,0,0
1458,838,Kepler-1386 b,0,0,0
1459,491,Kepler-1387 b,0,0,0
1460,492,Kepler-1388 b,0,0,0
1461,492,Kepler-1388 c,0,0,0
1462,492,Kepler-1388 d,0,0,0
1463,492,Kepler-1388 e,0,0,0
1464,521,Kepler-1389 b,0,0,0
1465,0,Kepler-139 b,0,0,0
1466,0,Kepler-139 c,0,0,0
1467,760,Kepler-1390 b,0,0,0
1468,721,Kepler-1391 b,0,0,0
1469,1117,Kepler-1392 b,0,0,0
1470,462,Kepler-1393 b,0,0,0
1471,820,Kepler-1394 b,0,0,0
1472,507,Kepler-1395 b,0,0,0
1473,1236,Kepler-1396 b,0,0,0
1474,770,Kepler-1397 b,0,0,0
1475,793,Kepler-1398 b,0,0,0
1476,793,Kepler-1398 c,0,0,0
1477,1256,Kepler-1399 b,0,0,0
1478,980,Kepler-14 b,111.24,0,0
1479,0,Kepler-140 b,0,0,0
1480,0,Kepler-140 c,0,0,0
1481,879,Kepler-1400 b,0,0,0
1482,1242,Kepler-1401 b,0,0,0
1483,681,Kepler-1402 b,0,0,0
1484,1801,Kepler-1403 b,0,0,0
1485,946,Kepler-1404 b,0,0,0
1486,1605,Kepler-1405 b,0,0,0
1487,587,Kepler-1406 b,0,0,0
1488,1275,Kepler-1407 b,0,0,0
1489,426,Kepler-1408 b,0,0,0
1490,722,Kepler-1409 b,0,0,0
1491,0,Kepler-141 b,0,0,0
1492,0,Kepler-141 c,0,0,0
1493,367,Kepler-1410 b,0,0,0
1494,1431,Kepler-1411 b,0,0,0
1495,639,Kepler-1412 b,0,0,0
1496,1162,Kepler-1413 b,0,0,0
1497,534,Kepler-1414 b,0,0,0
1498,1066,Kepler-1415 b,0,0,0
1499,807,Kepler-1416 b,0,0,0
1500,656,Kepler-1417 b,0,0,0
1501,499,Kepler-1418 b,0,0,0
1502,1444,Kepler-1419 b,0,0,0
1503,0,Kepler-142 b,0,0,0
1504,0,Kepler-142 c,0,0,0
1505,0,Kepler-142 d,0,0,0
1506,923,Kepler-1420 b,0,0,0
1507,675,Kepler-1421 b,0,0,0
1508,2081,Kepler-1422 b,0,0,0
1509,449,Kepler-1423 b,0,0,0
1510,620,Kepler-1424 b,0,0,0
1511,499,Kepler-1425 b,0,0,0
1512,1211,Kepler-1426 b,0,0,0
1513,1220,Kepler-1427 b,0,0,0
1514,802,Kepler-1428 b,0,0,0
1515,1156,Kepler-1429 b,0,0,0
1516,0,Kepler-143 b,0,0,0
1517,0,Kepler-143 c,0,0,0
1518,541,Kepler-1430 b,0,0,0
1519,1270,Kepler-1431 b,0,0,0
1520,1552,Kepler-1432 b,0,0,0
1521,1328,Kepler-1433 b,0,0,0
1522,680,Kepler-1434 b,0,0,0
1523,681,Kepler-1435 b,0,0,0
1524,1142,Kepler-1436 b,0,0,0
1525,1182,Kepler-1437 b,0,0,0
1526,866,Kepler-1438 b,0,0,0
1527,215,Kepler-1439 b,0,0,0
1528,0,Kepler-144 b,0,0,0
1529,0,Kepler-144 c,0,0,0
1530,685,Kepler-1440 b,0,0,0
1531,751,Kepler-1441 b,0,0,0
1532,525,Kepler-1442 b,0,0,0
1533,475,Kepler-1443 b,0,0,0
1534,340,Kepler-1444 b,0,0,0
1535,482,Kepler-1445 b,0,0,0
1536,162,Kepler-1446 b,0,0,0
1537,871,Kepler-1447 b,0,0,0
1538,786,Kepler-1448 b,0,0,0
1539,1321,Kepler-1449 b,0,0,0
1540,0,Kepler-145 b,11.6,0,0
1541,0,Kepler-145 c,16.4,0,0
1542,490,Kepler-1450 b,0,0,0
1543,1159,Kepler-1451 b,0,0,0
1544,974,Kepler-1452 b,0,0,0
1545,1284,Kepler-1453 b,0,0,0
1546,795,Kepler-1454 b,0,0,0
1547,392,Kepler-1455 b,0,0,0
1548,379,Kepler-1456 b,0,0,0
1549,728,Kepler-1457 b,0,0,0
1550,642,Kepler-1458 b,0,0,0
1551,435,Kepler-1459 b,0,0,0
1552,0,Kepler-146 b,0,0,0
1553,0,Kepler-146 c,0,0,0
1554,574,Kepler-1460 b,0,0,0
1555,752,Kepler-1461 b,0,0,0
1556,1368,Kepler-1462 b,0,0,0
1557,1341,Kepler-1463 b,0,0,0
1558,692,Kepler-1464 b,0,0,0
1559,692,Kepler-1464 c,0,0,0
1560,350,Kepler-1465 b,0,0,0
1561,686,Kepler-1466 b,0,0,0
1562,890,Kepler-1467 b,0,0,0
1563,1130,Kepler-1468 b,0,0,0
1564,1130,Kepler-1468 c,0,0,0
1565,1255,Kepler-1469 b,0,0,0
1566,0,Kepler-147 b,0,0,0
1567,0,Kepler-147 c,0,0,0
1568,569,Kepler-1470 b,0,0,0
1569,1059,Kepler-1471 b,0,0,0
1570,1269,Kepler-1472 b,0,0,0
1571,625,Kepler-1473 b,0,0,0
1572,1214,Kepler-1474 b,0,0,0
1573,1714,Kepler-1475 b,0,0,0
1574,1218,Kepler-1476 b,0,0,0
1575,525,Kepler-1477 b,0,0,0
1576,1405,Kepler-1478 b,0,0,0
1577,619,Kepler-1479 b,0,0,0
1578,0,Kepler-148 b,0,0,0
1579,0,Kepler-148 c,0,0,0
1580,0,Kepler-148 d,0,0,0
1581,540,Kepler-1480 b,0,0,0
1582,493,Kepler-1481 b,0,0,0
1583,442,Kepler-1482 b,0,0,0
1584,1327,Kepler-1483 b,0,0,0
1585,1095,Kepler-1484 b,0,0,0
1586,550,Kepler-1485 b,0,0,0
1587,1465,Kepler-1486 b,0,0,0
1588,1094,Kepler-1487 b,0,0,0
1589,618,Kepler-1488 b,0,0,0
1590,870,Kepler-1489 b,0,0,0
1591,0,Kepler-149 b,0,0,0
1592,0,Kepler-149 c,0,0,0
1593,0,Kepler-149 d,0,0,0
1594,968,Kepler-1490 b,0,0,0
1595,1312,Kepler-1491 b,0,0,0
1596,371,Kepler-1492 b,0,0,0
1597,572,Kepler-1493 b,0,0,0
1598,1059,Kepler-1494 b,0,0,0
1599,1307,Kepler-1495 b,0,0,0
1600,1293,Kepler-1496 b,0,0,0
1601,1122,Kepler-1497 b,0,0,0
1602,740,Kepler-1498 b,0,0,0
1603,310,Kepler-1499 b,0,0,0
1604,0,Kepler-15 b,25.43,0,0
1605,927,Kepler-150 b,0,0,0
1606,927,Kepler-150 c,0,0,0
1607,927,Kepler-150 d,0,0,0
1608,927,Kepler-150 e,0,0,0
1609,927,Kepler-150 f,0,0,0
1610,904,Kepler-1500 b,0,0,0
1611,888,Kepler-1501 b,0,0,0
1612,1540,Kepler-1502 b,0,0,0
1613,850,Kepler-1503 b,0,0,0
1614,1029,Kepler-1504 b,0,0,0
1615,359,Kepler-1505 b,0,0,0
1616,1318,Kepler-1506 b,0,0,0
1617,342,Kepler-1507 b,0,0,0
1618,892,Kepler-1508 b,0,0,0
1619,1277,Kepler-1509 b,0,0,0
1620,0,Kepler-151 b,0,0,0
1621,0,Kepler-151 c,0,0,0
1622,1615,Kepler-1510 b,0,0,0
1623,897,Kepler-1511 b,0,0,0
1624,162,Kepler-1512 b,0,0,0
1625,384,Kepler-1513 b,0,0,0
1626,379,Kepler-1514 b,0,0,0
1627,504,Kepler-1515 b,0,0,0
1628,872,Kepler-1516 b,0,0,0
1629,869,Kepler-1517 b,0,0,0
1630,1140,Kepler-1518 b,0,0,0
1631,858,Kepler-1519 b,0,0,0
1632,0,Kepler-152 b,0,0,0
1633,0,Kepler-152 c,0,0,0
1634,636,Kepler-1520 b,0,0,0
1635,227,Kepler-1521 b,0,0,0
1636,690,Kepler-1522 b,0,0,0
1637,918,Kepler-1523 b,0,0,0
1638,506,Kepler-1524 b,0,0,0
1639,396,Kepler-1525 b,0,0,0
1640,576,Kepler-1526 b,0,0,0
1641,1560,Kepler-1527 b,0,0,0
1642,916,Kepler-1528 b,0,0,0
1643,683,Kepler-1529 b,0,0,0
1644,0,Kepler-153 b,0,0,0
1645,0,Kepler-153 c,0,0,0
1646,552,Kepler-1530 b,0,0,0
1647,552,Kepler-1530 c,0,0,0
1648,670,Kepler-1531 b,0,0,0
1649,824,Kepler-1532 b,0,0,0
1650,852,Kepler-1533 b,0,0,0
1651,1107,Kepler-1534 b,0,0,0
1652,879,Kepler-1535 b,0,0,0
1653,401,Kepler-1536 b,0,0,0
1654,503,Kepler-1537 b,0,0,0
1655,1291,Kepler-1538 b,0,0,0
1656,788,Kepler-1539 b,0,0,0
1657,0,Kepler-154 b,0,0,0
1658,0,Kepler-154 c,0,0,0
1659,0,Kepler-154 d,0,0,0
1660,0,Kepler-154 e,0,0,0
1661,0,Kepler-154 f,0,0,0
1662,262,Kepler-1540 b,0,0,0
1663,414,Kepler-1541 b,0,0,0
1664,336,Kepler-1542 b,0,0,0
1665,336,Kepler-1542 c,0,0,0
1666,336,Kepler-1542 d,0,0,0
1667,336,Kepler-1542 e,0,0,0
1668,1114,Kepler-1543 b,0,0,0
1669,349,Kepler-1544 b,0,0,0
1670,688,Kepler-1545 b,0,0,0
1671,994,Kepler-1546 b,0,0,0
1672,665,Kepler-1547 b,0,0,0
1673,1150,Kepler-1548 b,0,0,0
1674,792,Kepler-1549 b,0,0,0
1675,0,Kepler-155 b,0,0,0
1676,0,Kepler-155 c,0,0,0
1677,1202,Kepler-1550 b,0,0,0
1678,1560,Kepler-1551 b,0,0,0
1679,618,Kepler-1552 b,0,0,0
1680,719,Kepler-1553 b,0,0,0
1681,982,Kepler-1554 b,0,0,0
1682,1382,Kepler-1555 b,0,0,0
1683,1060,Kepler-1556 b,0,0,0
1684,1532,Kepler-1557 b,0,0,0
1685,343,Kepler-1558 b,0,0,0
1686,580,Kepler-1559 b,0,0,0
1687,0,Kepler-156 b,0,0,0
1688,0,Kepler-156 c,0,0,0
1689,529,Kepler-1560 b,0,0,0
1690,993,Kepler-1561 b,0,0,0
1691,1315,Kepler-1562 b,0,0,0
1692,547,Kepler-1563 b,0,0,0
1693,872,Kepler-1564 b,0,0,0
1694,657,Kepler-1565 b,0,0,0
1695,511,Kepler-1566 b,0,0,0
1696,1226,Kepler-1567 b,0,0,0
1697,883,Kepler-1568 b,0,0,0
1698,1050,Kepler-1569 b,0,0,0
1699,0,Kepler-157 b,0,0,0
1700,0,Kepler-157 c,0,0,0
1701,0,Kepler-157 d,0,0,0
1702,463,Kepler-1570 b,0,0,0
1703,802,Kepler-1571 b,0,0,0
1704,600,Kepler-1572 b,0,0,0
1705,1180,Kepler-1573 b,0,0,0
1706,1275,Kepler-1574 b,0,0,0
1707,1170,Kepler-1575 b,0,0,0
1708,539,Kepler-1576 b,0,0,0
1709,543,Kepler-1577 b,0,0,0
1710,1016,Kepler-1578 b,0,0,0
1711,466,Kepler-1579 b,0,0,0
1712,0,Kepler-158 b,0,0,0
1713,0,Kepler-158 c,0,0,0
1714,872,Kepler-1580 b,0,0,0
1715,443,Kepler-1581 b,0,0,0
1716,112,Kepler-1582 b,0,0,0
1717,357,Kepler-1583 b,0,0,0
1718,1325,Kepler-1584 b,0,0,0
1719,1269,Kepler-1585 b,0,0,0
1720,864,Kepler-1586 b,0,0,0
1721,907,Kepler-1587 b,0,0,0
1722,658,Kepler-1588 b,0,0,0
1723,1418,Kepler-1589 b,0,0,0
1724,0,Kepler-159 b,0,0,0
1725,0,Kepler-159 c,0,0,0
1726,900,Kepler-1590 b,0,0,0
1727,1090,Kepler-1591 b,0,0,0
1728,1349,Kepler-1592 b,0,0,0
1729,755,Kepler-1593 b,0,0,0
1730,1100,Kepler-1594 b,0,0,0
1731,841,Kepler-1595 b,0,0,0
1732,1166,Kepler-1596 b,0,0,0
1733,1255,Kepler-1597 b,0,0,0
1734,734,Kepler-1598 b,0,0,0
1735,1004,Kepler-1599 b,0,0,0
1736,61,Kepler-16 b,5.085,0,0
1737,0,Kepler-160 b,0,0,0
1738,0,Kepler-160 c,0,0,0
1739,992,Kepler-1600 b,0,0,0
1740,660,Kepler-1601 b,0,0,0
1741,815,Kepler-1602 b,0,0,0
1742,1751,Kepler-1603 b,0,0,0
1743,562,Kepler-1604 b,0,0,0
1744,224,Kepler-1605 b,0,0,0
1745,880,Kepler-1606 b,0,0,0
1746,735,Kepler-1607 b,0,0,0
1747,832,Kepler-1608 b,0,0,0
1748,1483,Kepler-1609 b,0,0,0
1749,0,Kepler-161 b,0,0,0
1750,0,Kepler-161 c,0,0,0
1751,1063,Kepler-1610 b,0,0,0
1752,686,Kepler-1611 b,0,0,0
1753,837,Kepler-1612 b,0,0,0
1754,855,Kepler-1613 b,0,0,0
1755,982,Kepler-1614 b,0,0,0
1756,940,Kepler-1615 b,0,0,0
1757,862,Kepler-1616 b,0,0,0
1758,813,Kepler-1617 b,0,0,0
1759,1238,Kepler-1618 b,0,0,0
1760,520,Kepler-1619 b,0,0,0
1761,0,Kepler-162 b,0,0,0
1762,0,Kepler-162 c,0,0,0
1763,773,Kepler-1620 b,0,0,0
1764,1461,Kepler-1621 b,0,0,0
1765,927,Kepler-1622 b,0,0,0
1766,986,Kepler-1623 b,0,0,0
1767,199,Kepler-1624 b,0,0,0
1768,1213,Kepler-1625 b,0,0,0
1769,1718,Kepler-1626 b,0,0,0
1770,311,Kepler-1627 b,0,0,0
1771,352,Kepler-1628 b,0,0,0
1772,390,Kepler-1629 b,0,0,0
1773,0,Kepler-163 b,0,0,0
1774,0,Kepler-163 c,0,0,0
1775,278,Kepler-1630 b,0,0,0
1776,1190,Kepler-1631 b,0,0,0
1777,584,Kepler-1632 b,0,0,0
1778,811,Kepler-1633 b,0,0,0
1779,654,Kepler-1634 b,0,0,0
1780,1084,Kepler-1635 b,0,0,0
1781,1567,Kepler-1636 b,0,0,0
1782,506,Kepler-1637 b,0,0,0
1783,879,Kepler-1638 b,0,0,0
1784,1168,Kepler-1639 b,0,0,0
1785,0,Kepler-164 b,0,0,0
1786,0,Kepler-164 c,0,0,0
1787,0,Kepler-164 d,0,0,0
1788,1379,Kepler-1640 b,0,0,0
1789,961,Kepler-1641 b,0,0,0
1790,961,Kepler-1641 c,0,0,0
1791,447,Kepler-1642 b,0,0,0
1792,447,Kepler-1642 c,0,0,0
1793,414,Kepler-1643 b,0,0,0
1794,592,Kepler-1644 b,0,0,0
1795,844,Kepler-1645 b,0,0,0
1796,81,Kepler-1646 b,0,0,0
1797,0,Kepler-1647 b,206,0,0
1798,0,Kepler-1649 b,0,0,0
1799,0,Kepler-165 b,0,0,0
1800,0,Kepler-165 c,0,0,0
1801,120.5,Kepler-1650 b,0,0,0
1802,69.4,Kepler-1651 b,0,0,0
1803,0,Kepler-166 b,0,0,0
1804,0,Kepler-166 c,0,0,0
1805,0,Kepler-166 d,0,0,0
1806,330,Kepler-167 b,0,0,0
1807,330,Kepler-167 c,0,0,0
1808,330,Kepler-167 d,0,0,0
1809,330,Kepler-167 e,0,0,0
1810,0,Kepler-168 b,0,0,0
1811,0,Kepler-168 c,0,0,0
1812,0,Kepler-169 b,0,0,0
1813,0,Kepler-169 c,0,0,0
1814,0,Kepler-169 d,0,0,0
1815,0,Kepler-169 e,0,0,0
1816,0,Kepler-169 f,0,0,0
1817,800,Kepler-17 b,34.96,0,0
1818,0,Kepler-170 b,0,0,0
1819,0,Kepler-170 c,0,0,0
1820,0,Kepler-171 b,0,0,0
1821,0,Kepler-171 c,0,0,0
1822,0,Kepler-171 d,0,0,0
1823,0,Kepler-172 b,0,0,0
1824,0,Kepler-172 c,0,0,0
1825,0,Kepler-172 d,0,0,0
1826,0,Kepler-172 e,0,0,0
1827,0,Kepler-173 b,0,0,0
1828,0,Kepler-173 c,0,0,0
1829,0,Kepler-174 b,0,0,0
1830,0,Kepler-174 c,0,0,0
1831,0,Kepler-174 d,0,0,0
1832,0,Kepler-175 b,0,0,0
1833,0,Kepler-175 c,0,0,0
1834,0,Kepler-176 b,0,0,0
1835,0,Kepler-176 c,0,0,0
1836,0,Kepler-176 d,0,0,0
1837,0,Kepler-176 e,0,0,0
1838,0,Kepler-177 b,0.5,0,0
1839,0,Kepler-177 c,3.5,0,0
1840,0,Kepler-178 b,0,0,0
1841,0,Kepler-178 c,0,0,0
1842,0,Kepler-178 d,0,0,0
1843,0,Kepler-179 b,0,0,0
1844,0,Kepler-179 c,0,0,0
1845,0,Kepler-18 b,3.4,0,0
1846,0,Kepler-18 c,1.9,0,0
1847,0,Kepler-18 d,1.4,0,0
1848,0,Kepler-180 b,0,0,0
1849,0,Kepler-180 c,0,0,0
1850,0,Kepler-181 b,0,0,0
1851,0,Kepler-181 c,0,0,0
1852,0,Kepler-182 b,0,0,0
1853,0,Kepler-182 c,0,0,0
1854,0,Kepler-183 b,0,0,0
1855,0,Kepler-183 c,0,0,0
1856,0,Kepler-184 b,0,0,0
1857,0,Kepler-184 c,0,0,0
1858,0,Kepler-184 d,0,0,0
1859,0,Kepler-185 b,0,0,0
1860,0,Kepler-185 c,0,0,0
1861,172,Kepler-186 b,0,0,0
1862,172,Kepler-186 c,0,0,0
1863,172,Kepler-186 d,0,0,0
1864,172,Kepler-186 e,0,0,0
1865,172,Kepler-186 f,0,0,0
1866,0,Kepler-187 b,0,0,0
1867,0,Kepler-187 c,0,0,0
1868,0,Kepler-188 b,0,0,0
1869,0,Kepler-188 c,0,0,0
1870,0,Kepler-189 b,0,0,0
1871,0,Kepler-189 c,0,0,0
1872,2119,Kepler-19 b,1.6,0,0
1873,2119,Kepler-19 c,2.7,0,0
1874,2119,Kepler-19 d,1.2,0,0
1875,0,Kepler-190 b,0,0,0
1876,0,Kepler-190 c,0,0,0
1877,0,Kepler-191 b,0,0,0
1878,0,Kepler-191 c,0,0,0
1879,0,Kepler-191 d,0,0,0
1880,0,Kepler-192 b,0,0,0
1881,0,Kepler-192 c,0,0,0
1882,0,Kepler-192 d,0,0,0
1883,0,Kepler-193 b,0,0,0
1884,0,Kepler-193 c,0,0,0
1885,0,Kepler-194 b,0,0,0
1886,0,Kepler-194 c,0,0,0
1887,0,Kepler-194 d,0,0,0
1888,0,Kepler-195 b,0,0,0
1889,0,Kepler-195 c,0,0,0
1890,0,Kepler-196 b,0,0,0
1891,0,Kepler-196 c,0,0,0
1892,0,Kepler-197 b,0,0,0
1893,0,Kepler-197 c,0,0,0
1894,0,Kepler-197 d,0,0,0
1895,0,Kepler-197 e,0,0,0
1896,0,Kepler-198 b,0,0,0
1897,0,Kepler-198 c,0,0,0
1898,0,Kepler-198 d,0,0,0
1899,0,Kepler-199 b,0,0,0
1900,0,Kepler-199 c,0,0,0
1901,290,Kepler-20 b,1.41,0,0
1902,290,Kepler-20 c,2.17,0,0
1903,290,Kepler-20 d,3.97,0,0
1904,290,Kepler-20 e,0,0,0
1905,290,Kepler-20 f,0,0,0
1906,290,Kepler-20 g,0,0,0
1907,0,Kepler-200 b,0,0,0
1908,0,Kepler-200 c,0,0,0
1909,0,Kepler-201 b,0,0,0
1910,0,Kepler-201 c,0,0,0
1911,0,Kepler-202 b,0,0,0
1912,0,Kepler-202 c,0,0,0
1913,0,Kepler-203 b,0,0,0
1914,0,Kepler-203 c,0,0,0
1915,0,Kepler-203 d,0,0,0
1916,0,Kepler-204 b,0,0,0
1917,0,Kepler-204 c,0,0,0
1918,0,Kepler-205 b,0,0,0
1919,0,Kepler-205 c,0,0,0
1920,0,Kepler-206 b,0,0,0
1921,0,Kepler-206 c,0,0,0
1922,0,Kepler-206 d,0,0,0
1923,0,Kepler-207 b,0,0,0
1924,0,Kepler-207 c,0,0,0
1925,0,Kepler-207 d,0,0,0
1926,0,Kepler-208 b,0,0,0
1927,0,Kepler-208 c,0,0,0
1928,0,Kepler-208 d,0,0,0
1929,0,Kepler-208 e,0,0,0
1930,0,Kepler-209 b,0,0,0
1931,0,Kepler-209 c,0,0,0
1932,113,Kepler-21 b,1.72,0,0
1933,0,Kepler-210 b,0,0,0
1934,0,Kepler-210 c,0,0,0
1935,0,Kepler-211 b,0,0,0
1936,0,Kepler-211 c,0,0,0
1937,0,Kepler-212 b,0,0,0
1938,0,Kepler-212 c,0,0,0
1939,0,Kepler-213 b,0,0,0
1940,0,Kepler-213 c,0,0,0
1941,0,Kepler-214 b,0,0,0
1942,0,Kepler-214 c,0,0,0
1943,0,Kepler-215 b,0,0,0
1944,0,Kepler-215 c,0,0,0
1945,0,Kepler-215 d,0,0,0
1946,0,Kepler-215 e,0,0,0
1947,0,Kepler-216 b,0,0,0
1948,0,Kepler-216 c,0,0,0
1949,0,Kepler-217 b,0,0,0
1950,0,Kepler-217 c,0,0,0
1951,0,Kepler-217 d,0,0,0
1952,0,Kepler-218 b,0,0,0
1953,0,Kepler-218 c,0,0,0
1954,0,Kepler-218 d,0,0,0
1955,0,Kepler-219 b,0,0,0
1956,0,Kepler-219 c,0,0,0
1957,0,Kepler-219 d,0,0,0
1958,190,Kepler-22 b,0,0,0
1959,0,Kepler-220 b,0,0,0
1960,0,Kepler-220 c,0,0,0
1961,0,Kepler-220 d,0,0,0
1962,0,Kepler-220 e,0,0,0
1963,0,Kepler-221 b,0,0,0
1964,0,Kepler-221 c,0,0,0
1965,0,Kepler-221 d,0,0,0
1966,0,Kepler-221 e,0,0,0
1967,0,Kepler-222 b,0,0,0
1968,0,Kepler-222 c,0,0,0
1969,0,Kepler-222 d,0,0,0
1970,0,Kepler-223 b,0,0,0
1971,0,Kepler-223 c,0,0,0
1972,0,Kepler-223 d,0,0,0
1973,0,Kepler-223 e,0,0,0
1974,0,Kepler-224 b,0,0,0
1975,0,Kepler-224 c,0,0,0
1976,0,Kepler-224 d,0,0,0
1977,0,Kepler-224 e,0,0,0
1978,0,Kepler-225 b,0,0,0
1979,0,Kepler-225 c,0,0,0
1980,0,Kepler-226 b,0,0,0
1981,0,Kepler-226 c,0,0,0
1982,0,Kepler-226 d,0,0,0
1983,0,Kepler-227 b,0,0,0
1984,0,Kepler-227 c,0,0,0
1985,0,Kepler-228 b,0,0,0
1986,0,Kepler-228 c,0,0,0
1987,0,Kepler-228 d,0,0,0
1988,0,Kepler-229 b,0,0,0
1989,0,Kepler-229 c,0,0,0
1990,0,Kepler-229 d,0,0,0
1991,800,Kepler-23 b,0,0,0
1992,800,Kepler-23 c,0,0,0
1993,800,Kepler-23 d,0,0,0
1994,0,Kepler-230 b,0,0,0
1995,0,Kepler-230 c,0,0,0
1996,0,Kepler-231 b,0,0,0
1997,0,Kepler-231 c,0,0,0
1998,0,Kepler-232 b,0,0,0
1999,0,Kepler-232 c,0,0,0
2000,0,Kepler-233 b,0,0,0
2001,0,Kepler-233 c,0,0,0
2002,0,Kepler-234 b,0,0,0
2003,0,Kepler-234 c,0,0,0
2004,0,Kepler-235 b,0,0,0
2005,0,Kepler-235 c,0,0,0
2006,0,Kepler-235 d,0,0,0
2007,0,Kepler-235 e,0,0,0
2008,0,Kepler-236 b,0,0,0
2009,0,Kepler-236 c,0,0,0
2010,0,Kepler-237 b,0,0,0
2011,0,Kepler-237 c,0,0,0
2012,0,Kepler-238 b,0,0,0
2013,0,Kepler-238 c,0,0,0
2014,0,Kepler-238 d,0,0,0
2015,0,Kepler-238 e,0,0,0
2016,0,Kepler-238 f,0,0,0
2017,0,Kepler-239 b,0,0,0
2018,0,Kepler-239 c,0,0,0
2019,1200,Kepler-24 b,0,0,0
2020,1200,Kepler-24 c,0,0,0
2021,1200,Kepler-24 d,0,0,0
2022,1200,Kepler-24 e,0,0,0
2023,0,Kepler-240 b,0,0,0
2024,0,Kepler-240 c,0,0,0
2025,0,Kepler-241 b,0,0,0
2026,0,Kepler-241 c,0,0,0
2027,0,Kepler-242 b,0,0,0
2028,0,Kepler-242 c,0,0,0
2029,0,Kepler-243 b,0,0,0
2030,0,Kepler-243 c,0,0,0
2031,0,Kepler-244 b,0,0,0
2032,0,Kepler-244 c,0,0,0
2033,0,Kepler-244 d,0,0,0
2034,0,Kepler-245 b,0,0,0
2035,0,Kepler-245 c,0,0,0
2036,0,Kepler-245 d,0,0,0
2037,0,Kepler-245 e,0,0,0
2038,0,Kepler-246 b,0,0,0
2039,0,Kepler-246 c,0,0,0
2040,0,Kepler-247 b,0,0,0
2041,0,Kepler-247 c,0,0,0
2042,0,Kepler-247 d,0,0,0
2043,0,Kepler-248 b,0,0,0
2044,0,Kepler-248 c,0,0,0
2045,0,Kepler-249 b,0,0,0
2046,0,Kepler-249 c,0,0,0
2047,0,Kepler-249 d,0,0,0
2048,0,Kepler-25 b,0,0,0
2049,0,Kepler-25 c,0,0,0
2050,0,Kepler-25 d,0,0,0
2051,0,Kepler-250 b,0,0,0
2052,0,Kepler-250 c,0,0,0
2053,0,Kepler-250 d,0,0,0
2054,0,Kepler-251 b,0,0,0
2055,0,Kepler-251 c,0,0,0
2056,0,Kepler-251 d,0,0,0
2057,0,Kepler-251 e,0,0,0
2058,0,Kepler-252 b,0,0,0
2059,0,Kepler-252 c,0,0,0
2060,0,Kepler-253 b,0,0,0
2061,0,Kepler-253 c,0,0,0
2062,0,Kepler-253 d,0,0,0
2063,0,Kepler-254 b,0,0,0
2064,0,Kepler-254 c,0,0,0
2065,0,Kepler-254 d,0,0,0
2066,0,Kepler-255 b,0,0,0
2067,0,Kepler-255 c,0,0,0
2068,0,Kepler-255 d,0,0,0
2069,0,Kepler-256 b,0,0,0
2070,0,Kepler-256 c,0,0,0
2071,0,Kepler-256 d,0,0,0
2072,0,Kepler-256 e,0,0,0
2073,0,Kepler-257 b,0,0,0
2074,0,Kepler-257 c,0,0,0
2075,0,Kepler-257 d,0,0,0
2076,0,Kepler-258 b,0,0,0
2077,0,Kepler-258 c,0,0,0
2078,0,Kepler-259 b,0,0,0
2079,0,Kepler-259 c,0,0,0
2080,0,Kepler-26 b,0,0,0
2081,0,Kepler-26 c,0,0,0
2082,0,Kepler-26 d,0,0,0
2083,0,Kepler-26 e,0,0,0
2084,0,Kepler-260 b,0,0,0
2085,0,Kepler-260 c,0,0,0
2086,0,Kepler-261 b,0,0,0
2087,0,Kepler-261 c,0,0,0
2088,0,Kepler-262 b,0,0,0
2089,0,Kepler-262 c,0,0,0
2090,0,Kepler-263 b,0,0,0
2091,0,Kepler-263 c,0,0,0
2092,0,Kepler-264 b,0,0,0
2093,0,Kepler-264 c,0,0,0
2094,0,Kepler-265 b,0,0,0
2095,0,Kepler-265 c,0,0,0
2096,0,Kepler-265 d,0,0,0
2097,0,Kepler-265 e,0,0,0
2098,0,Kepler-266 b,0,0,0
2099,0,Kepler-266 c,0,0,0
2100,0,Kepler-267 b,0,0,0
2101,0,Kepler-267 c,0,0,0
2102,0,Kepler-267 d,0,0,0
2103,0,Kepler-268 b,0,0,0
2104,0,Kepler-268 c,0,0,0
2105,0,Kepler-269 b,0,0,0
2106,0,Kepler-269 c,0,0,0
2107,0,Kepler-27 b,0,0,0
2108,0,Kepler-27 c,0,0,0
2109,0,Kepler-270 b,0,0,0
2110,0,Kepler-270 c,0,0,0
2111,0,Kepler-271 b,0,0,0
2112,0,Kepler-271 c,0,0,0
2113,0,Kepler-271 d,0,0,0
2114,0,Kepler-272 b,0,0,0
2115,0,Kepler-272 c,0,0,0
2116,0,Kepler-272 d,0,0,0
2117,0,Kepler-273 b,0,0,0
2118,0,Kepler-273 c,0,0,0
2119,0,Kepler-274 b,0,0,0
2120,0,Kepler-274 c,0,0,0
2121,0,Kepler-275 b,0,0,0
2122,0,Kepler-275 c,0,0,0
2123,0,Kepler-275 d,0,0,0
2124,0,Kepler-276 b,0,0,0
2125,0,Kepler-276 c,0,0,0
2126,0,Kepler-276 d,0,0,0
2127,0,Kepler-277 b,0,0,0
2128,0,Kepler-277 c,0,0,0
2129,0,Kepler-278 b,0,0,0
2130,0,Kepler-278 c,0,0,0
2131,0,Kepler-279 b,0,0,0
2132,0,Kepler-279 c,0,0,0
2133,0,Kepler-279 d,0,0,0
2134,0,Kepler-28 b,0,0,0
2135,0,Kepler-28 c,0,0,0
2136,0,Kepler-280 b,0,0,0
2137,0,Kepler-280 c,0,0,0
2138,0,Kepler-281 b,0,0,0
2139,0,Kepler-281 c,0,0,0
2140,0,Kepler-282 b,0,0,0
2141,0,Kepler-282 c,0,0,0
2142,0,Kepler-282 d,0,0,0
2143,0,Kepler-282 e,0,0,0
2144,0,Kepler-283 b,0,0,0
2145,0,Kepler-283 c,0,0,0
2146,0,Kepler-284 b,0,0,0
2147,0,Kepler-284 c,0,0,0
2148,0,Kepler-285 b,0,0,0
2149,0,Kepler-285 c,0,0,0
2150,0,Kepler-286 b,0,0,0
2151,0,Kepler-286 c,0,0,0
2152,0,Kepler-286 d,0,0,0
2153,0,Kepler-286 e,0,0,0
2154,0,Kepler-287 b,0,0,0
2155,0,Kepler-287 c,0,0,0
2156,0,Kepler-288 b,0,0,0
2157,0,Kepler-288 c,0,0,0
2158,0,Kepler-288 d,0,0,0
2159,700,Kepler-289 b,0,0,0
2160,700,Kepler-289 c,0,0,0
2161,700,Kepler-289 d,0,0,0
2162,1400,Kepler-29 b,0,0,0
2163,1400,Kepler-29 c,0,0,0
2164,0,Kepler-290 b,0,0,0
2165,0,Kepler-290 c,0,0,0
2166,0,Kepler-291 b,0,0,0
2167,0,Kepler-291 c,0,0,0
2168,0,Kepler-292 b,0,0,0
2169,0,Kepler-292 c,0,0,0
2170,0,Kepler-292 d,0,0,0
2171,0,Kepler-292 e,0,0,0
2172,0,Kepler-292 f,0,0,0
2173,0,Kepler-293 b,0,0,0
2174,0,Kepler-293 c,0,0,0
2175,0,Kepler-294 b,0,0,0
2176,0,Kepler-294 c,0,0,0
2177,0,Kepler-295 b,0,0,0
2178,0,Kepler-295 c,0,0,0
2179,0,Kepler-295 d,0,0,0
2180,226,Kepler-296 b,0,0,0
2181,226,Kepler-296 c,0,0,0
2182,226,Kepler-296 d,0,0,0
2183,226,Kepler-296 e,0,0,0
2184,226,Kepler-296 f,0,0,0
2185,0,Kepler-297 b,0,0,0
2186,0,Kepler-297 c,0,0,0
2187,0,Kepler-298 b,0,0,0
2188,0,Kepler-298 c,0,0,0
2189,0,Kepler-298 d,0,0,0
2190,0,Kepler-299 b,0,0,0
2191,0,Kepler-299 c,0,0,0
2192,0,Kepler-299 d,0,0,0
2193,0,Kepler-299 e,0,0,0
2194,1400,Kepler-30 b,0,0,0
2195,1400,Kepler-30 c,0,0,0
2196,1400,Kepler-30 d,0,0,0
2197,0,Kepler-300 b,0,0,0
2198,0,Kepler-300 c,0,0,0
2199,0,Kepler-301 b,0,0,0
2200,0,Kepler-301 c,0,0,0
2201,0,Kepler-301 d,0,0,0
2202,0,Kepler-302 b,0,0,0
2203,0,Kepler-302 c,0,0,0
2204,0,Kepler-303 b,0,0,0
2205,0,Kepler-303 c,0,0,0
2206,0,Kepler-304 b,0,0,0
2207,0,Kepler-304 c,0,0,0
2208,0,Kepler-304 d,0,0,0
2209,0,Kepler-304 e,0,0,0
2210,0,Kepler-305 b,0,0,0
2211,0,Kepler-305 c,0,0,0
2212,0,Kepler-305 d,0,0,0
2213,0,Kepler-306 b,0,0,0
2214,0,Kepler-306 c,0,0,0
2215,0,Kepler-306 d,0,0,0
2216,0,Kepler-306 e,0,0,0
2217,0,Kepler-307 b,0,0,0
2218,0,Kepler-307 c,0,0,0
2219,0,Kepler-308 b,0,0,0
2220,0,Kepler-308 c,0,0,0
2221,0,Kepler-309 b,0,0,0
2222,0,Kepler-309 c,0,0,0
2223,2100,Kepler-31 b,0,0,0
2224,2100,Kepler-31 c,0,0,0
2225,2100,Kepler-31 d,0,0,0
2226,0,Kepler-310 b,0,0,0
2227,0,Kepler-310 c,0,0,0
2228,0,Kepler-310 d,0,0,0
2229,0,Kepler-311 b,0,0,0
2230,0,Kepler-311 c,0,0,0
2231,0,Kepler-312 b,0,0,0
2232,0,Kepler-312 c,0,0,0
2233,0,Kepler-313 b,0,0,0
2234,0,Kepler-313 c,0,0,0
2235,0,Kepler-314 b,0,0,0
2236,0,Kepler-314 c,0,0,0
2237,0,Kepler-315 b,0,0,0
2238,0,Kepler-315 c,0,0,0
2239,0,Kepler-316 b,0,0,0
2240,0,Kepler-316 c,0,0,0
2241,0,Kepler-317 b,0,0,0
2242,0,Kepler-317 c,0,0,0
2243,0,Kepler-318 b,0,0,0
2244,0,Kepler-318 c,0,0,0
2245,0,Kepler-319 b,0,0,0
2246,0,Kepler-319 c,0,0,0
2247,0,Kepler-319 d,0,0,0
2248,303,Kepler-32 b,0,0,0
2249,303,Kepler-32 c,0,0,0
2250,303,Kepler-32 d,0,0,0
2251,303,Kepler-32 e,0,0,0
2252,303,Kepler-32 f,0,0,0
2253,0,Kepler-320 b,0,0,0
2254,0,Kepler-320 c,0,0,0
2255,0,Kepler-321 b,0,0,0
2256,0,Kepler-321 c,0,0,0
2257,0,Kepler-322 b,0,0,0
2258,0,Kepler-322 c,0,0,0
2259,0,Kepler-323 b,0,0,0
2260,0,Kepler-323 c,0,0,0
2261,0,Kepler-324 b,0,0,0
2262,0,Kepler-324 c,0,0,0
2263,0,Kepler-325 b,0,0,0
2264,0,Kepler-325 c,0,0,0
2265,0,Kepler-325 d,0,0,0
2266,0,Kepler-326 b,0,0,0
2267,0,Kepler-326 c,0,0,0
2268,0,Kepler-326 d,0,0,0
2269,0,Kepler-327 b,0,0,0
2270,0,Kepler-327 c,0,0,0
2271,0,Kepler-327 d,0,0,0
2272,0,Kepler-328 b,0,0,0
2273,0,Kepler-328 c,0,0,0
2274,0,Kepler-329 b,0,0,0
2275,0,Kepler-329 c,0,0,0
2276,0,Kepler-33 b,0,0,0
2277,0,Kepler-33 c,0,0,0
2278,0,Kepler-33 d,0,0,0
2279,0,Kepler-33 e,0,0,0
2280,0,Kepler-33 f,0,0,0
2281,0,Kepler-330 b,0,0,0
2282,0,Kepler-330 c,0,0,0
2283,0,Kepler-331 b,0,0,0
2284,0,Kepler-331 c,0,0,0
2285,0,Kepler-331 d,0,0,0
2286,0,Kepler-332 b,0,0,0
2287,0,Kepler-332 c,0,0,0
2288,0,Kepler-332 d,0,0,0
2289,0,Kepler-333 b,0,0,0
2290,0,Kepler-333 c,0,0,0
2291,0,Kepler-334 b,0,0,0
2292,0,Kepler-334 c,0,0,0
2293,0,Kepler-334 d,0,0,0
2294,0,Kepler-335 b,0,0,0
2295,0,Kepler-335 c,0,0,0
2296,0,Kepler-336 b,0,0,0
2297,0,Kepler-336 c,0,0,0
2298,0,Kepler-336 d,0,0,0
2299,0,Kepler-337 b,0,0,0
2300,0,Kepler-337 c,0,0,0
2301,0,Kepler-338 b,0,0,0
2302,0,Kepler-338 c,0,0,0
2303,0,Kepler-338 d,0,0,0
2304,0,Kepler-338 e,0,0,0
2305,0,Kepler-339 b,0,0,0
2306,0,Kepler-339 c,0,0,0
2307,0,Kepler-339 d,0,0,0
2308,1499,Kepler-34 b,0,0,0
2309,0,Kepler-340 b,0,0,0
2310,0,Kepler-340 c,0,0,0
2311,0,Kepler-341 b,0,0,0
2312,0,Kepler-341 c,0,0,0
2313,0,Kepler-341 d,0,0,0
2314,0,Kepler-341 e,0,0,0
2315,0,Kepler-342 b,0,0,0
2316,0,Kepler-342 c,0,0,0
2317,0,Kepler-342 d,0,0,0
2318,0,Kepler-342 e,0,0,0
2319,0,Kepler-343 b,0,0,0
2320,0,Kepler-343 c,0,0,0
2321,0,Kepler-344 b,0,0,0
2322,0,Kepler-344 c,0,0,0
2323,0,Kepler-345 b,0,0,0
2324,0,Kepler-345 c,0,0,0
2325,0,Kepler-346 b,0,0,0
2326,0,Kepler-346 c,0,0,0
2327,0,Kepler-347 b,0,0,0
2328,0,Kepler-347 c,0,0,0
2329,0,Kepler-348 b,0,0,0
2330,0,Kepler-348 c,0,0,0
2331,0,Kepler-349 b,0,0,0
2332,0,Kepler-349 c,0,0,0
2333,1645,Kepler-35 b,0,0,0
2334,0,Kepler-350 b,0,0,0
2335,0,Kepler-350 c,0,0,0
2336,0,Kepler-350 d,0,0,0
2337,0,Kepler-351 b,0,0,0
2338,0,Kepler-351 c,0,0,0
2339,0,Kepler-351 d,0,0,0
2340,0,Kepler-352 b,0,0,0
2341,0,Kepler-352 c,0,0,0
2342,0,Kepler-353 b,0,0,0
2343,0,Kepler-353 c,0,0,0
2344,0,Kepler-354 b,0,0,0
2345,0,Kepler-354 c,0,0,0
2346,0,Kepler-354 d,0,0,0
2347,0,Kepler-355 b,0,0,0
2348,0,Kepler-355 c,0,0,0
2349,0,Kepler-356 b,0,0,0
2350,0,Kepler-356 c,0,0,0
2351,0,Kepler-357 b,0,0,0
2352,0,Kepler-357 c,0,0,0
2353,0,Kepler-357 d,0,0,0
2354,0,Kepler-358 b,0,0,0
2355,0,Kepler-358 c,0,0,0
2356,0,Kepler-359 b,0,0,0
2357,0,Kepler-359 c,0,0,0
2358,0,Kepler-359 d,0,0,0
2359,470,Kepler-36 b,0,0,0
2360,470,Kepler-36 c,0,0,0
2361,0,Kepler-360 b,0,0,0
2362,0,Kepler-360 c,0,0,0
2363,0,Kepler-361 b,0,0,0
2364,0,Kepler-361 c,0,0,0
2365,0,Kepler-362 b,0,0,0
2366,0,Kepler-362 c,0,0,0
2367,0,Kepler-363 b,0,0,0
2368,0,Kepler-363 c,0,0,0
2369,0,Kepler-363 d,0,0,0
2370,0,Kepler-364 b,0,0,0
2371,0,Kepler-364 c,0,0,0
2372,0,Kepler-365 b,0,0,0
2373,0,Kepler-365 c,0,0,0
2374,0,Kepler-366 b,0,0,0
2375,0,Kepler-366 c,0,0,0
2376,0,Kepler-367 b,0,0,0
2377,0,Kepler-367 c,0,0,0
2378,0,Kepler-368 b,0,0,0
2379,0,Kepler-368 c,0,0,0
2380,0,Kepler-369 b,0,0,0
2381,0,Kepler-369 c,0,0,0
2382,66,Kepler-37 b,0,0,0
2383,66,Kepler-37 c,0,0,0
2384,66,Kepler-37 d,0,0,0
2385,66,Kepler-37 e,0,0,0
2386,0,Kepler-370 b,0,0,0
2387,0,Kepler-370 c,0,0,0
2388,0,Kepler-371 b,0,0,0
2389,0,Kepler-371 c,0,0,0
2390,0,Kepler-372 b,0,0,0
2391,0,Kepler-372 c,0,0,0
2392,0,Kepler-372 d,0,0,0
2393,0,Kepler-373 b,0,0,0
2394,0,Kepler-373 c,0,0,0
2395,0,Kepler-374 b,0,0,0
2396,0,Kepler-374 c,0,0,0
2397,0,Kepler-374 d,0,0,0
2398,0,Kepler-375 b,0,0,0
2399,0,Kepler-375 c,0,0,0
2400,0,Kepler-376 b,0,0,0
2401,0,Kepler-376 c,0,0,0
2402,0,Kepler-377 b,0,0,0
2403,0,Kepler-377 c,0,0,0
2404,0,Kepler-378 b,0,0,0
2405,0,Kepler-378 c,0,0,0
2406,0,Kepler-379 b,0,0,0
2407,0,Kepler-379 c,0,0,0
2408,600,Kepler-38 b,0,0,0
2409,0,Kepler-380 b,0,0,0
2410,0,Kepler-380 c,0,0,0
2411,0,Kepler-381 b,0,0,0
2412,0,Kepler-381 c,0,0,0
2413,0,Kepler-382 b,0,0,0
2414,0,Kepler-382 c,0,0,0
2415,0,Kepler-383 b,0,0,0
2416,0,Kepler-383 c,0,0,0
2417,0,Kepler-384 b,0,0,0
2418,0,Kepler-384 c,0,0,0
2419,0,Kepler-385 b,0,0,0
2420,0,Kepler-385 c,0,0,0
2421,0,Kepler-386 b,0,0,0
2422,0,Kepler-386 c,0,0,0
2423,0,Kepler-387 b,0,0,0
2424,0,Kepler-387 c,0,0,0
2425,0,Kepler-388 b,0,0,0
2426,0,Kepler-388 c,0,0,0
2427,0,Kepler-389 b,0,0,0
2428,0,Kepler-389 c,0,0,0
2429,1200,Kepler-39 b,0,0,0
2430,0,Kepler-390 b,0,0,0
2431,0,Kepler-390 c,0,0,0
2432,0,Kepler-391 b,0,0,0
2433,0,Kepler-391 c,0,0,0
2434,0,Kepler-392 b,0,0,0
2435,0,Kepler-392 c,0,0,0
2436,0,Kepler-393 b,0,0,0
2437,0,Kepler-393 c,0,0,0
2438,0,Kepler-394 b,0,0,0
2439,0,Kepler-394 c,0,0,0
2440,0,Kepler-395 b,0,0,0
2441,0,Kepler-395 c,0,0,0
2442,0,Kepler-396 b,0,0,0
2443,0,Kepler-396 c,0,0,0
2444,0,Kepler-397 b,0,0,0
2445,0,Kepler-397 c,0,0,0
2446,0,Kepler-398 b,0,0,0
2447,0,Kepler-398 c,0,0,0
2448,0,Kepler-398 d,0,0,0
2449,0,Kepler-399 b,0,0,0
2450,0,Kepler-399 c,0,0,0
2451,0,Kepler-399 d,0,0,0
2452,550,Kepler-4 b,0,0,0
2453,2700,Kepler-40 b,0,0,0
2454,0,Kepler-400 b,0,0,0
2455,0,Kepler-400 c,0,0,0
2456,0,Kepler-401 b,0,0,0
2457,0,Kepler-401 c,0,0,0
2458,0,Kepler-401 d,0,0,0
2459,0,Kepler-402 b,0,0,0
2460,0,Kepler-402 c,0,0,0
2461,0,Kepler-402 d,0,0,0
2462,0,Kepler-402 e,0,0,0
2463,0,Kepler-403 b,0,0,0
2464,0,Kepler-403 c,0,0,0
2465,0,Kepler-403 d,0,0,0
2466,0,Kepler-404 b,0,0,0
2467,0,Kepler-404 c,0,0,0
2468,0,Kepler-405 b,0,0,0
2469,0,Kepler-405 c,0,0,0
2470,0,Kepler-406 b,0,0,0
2471,0,Kepler-406 c,0,0,0
2472,0,Kepler-407 b,0,0,0
2473,0,Kepler-407 c,0,0,0
2474,0,Kepler-408 b,0,0,0
2475,0,Kepler-409 b,0,0,0
2476,770,Kepler-41 b,0,0,0
2477,132,Kepler-410 A b,0,0,0
2478,0,Kepler-411 b,0,0,0
2479,0,Kepler-411 c,0,0,0
2480,1056,Kepler-412 b,0,0,0
2481,0,Kepler-413 b,0,0,0
2482,0,Kepler-414 b,0,0,0
2483,0,Kepler-414 c,0,0,0
2484,0,Kepler-415 b,0,0,0
2485,0,Kepler-415 c,0,0,0
2486,0,Kepler-416 b,0,0,0
2487,0,Kepler-416 c,0,0,0
2488,0,Kepler-417 b,0,0,0
2489,0,Kepler-417 c,0,0,0
2490,0,Kepler-418 b,0,0,0
2491,0,Kepler-419 b,0,0,0
2492,0,Kepler-419 c,0,0,0
2493,38.7,Kepler-42 b,0,0,0
2494,38.7,Kepler-42 c,0,0,0
2495,38.7,Kepler-42 d,0,0,0
2496,320,Kepler-421 b,0,0,0
2497,0,Kepler-422 b,0,0,0
2498,725,Kepler-423 b,0,0,0
2499,0,Kepler-424 b,0,0,0
2500,0,Kepler-424 c,0,0,0
2501,650,Kepler-425 b,0,0,0
2502,880,Kepler-426 b,0,0,0
2503,1100,Kepler-427 b,0,0,0
2504,720,Kepler-428 b,0,0,0
2505,1950,Kepler-43 b,0,0,0
2506,0,Kepler-430 b,0,0,0
2507,0,Kepler-430 c,0,0,0
2508,0,Kepler-431 b,0,0,0
2509,0,Kepler-431 c,0,0,0
2510,0,Kepler-431 d,0,0,0
2511,870,Kepler-432 b,0,0,0
2512,870,Kepler-432 c,0,0,0
2513,1870,Kepler-433 b,0,0,0
2514,1240,Kepler-434 b,0,0,0
2515,2070,Kepler-435 b,0,0,0
2516,618,Kepler-436 b,0,0,0
2517,618,Kepler-436 c,0,0,0
2518,417,Kepler-437 b,0,0,0
2519,145,Kepler-438 b,0,0,0
2520,693,Kepler-439 b,0,0,0
2521,2250,Kepler-44 b,0,0,0
2522,261,Kepler-440 b,0,0,0
2523,284,Kepler-441 b,0,0,0
2524,342,Kepler-442 b,0,0,0
2525,779,Kepler-443 b,0,0,0
2526,35.7,Kepler-444 b,0,0,0
2527,35.7,Kepler-444 c,0,0,0
2528,35.7,Kepler-444 d,0,0,0
2529,35.7,Kepler-444 e,0,0,0
2530,35.7,Kepler-444 f,0,0,0
2531,90,Kepler-445 b,0,0,0
2532,90,Kepler-445 c,0,0,0
2533,90,Kepler-445 d,0,0,0
2534,120,Kepler-446 b,0,0,0
2535,120,Kepler-446 c,0,0,0
2536,120,Kepler-446 d,0,0,0
2537,0,Kepler-447 b,0,0,0
2538,0,Kepler-449 b,0,0,0
2539,0,Kepler-449 c,0,0,0
2540,333,Kepler-45 b,0,0,0
2541,0,Kepler-450 b,0,0,0
2542,0,Kepler-450 c,0,0,0
2543,0,Kepler-450 d,0,0,0
2544,0,Kepler-452 b,0,0,0
2545,0,Kepler-453 b,0,0,0
2546,0,Kepler-454 b,0,0,0
2547,0,Kepler-454 c,0,0,0
2548,0,Kepler-458 c,0,0,0
2549,855,Kepler-46 b,0,0,0
2550,855,Kepler-46 c,0,0,0
2551,855,Kepler-46 d,0,0,0
2552,0,Kepler-460 c,0,0,0
2553,468,Kepler-461 b,0,0,0
2554,733,Kepler-462 b,0,0,0
2555,336,Kepler-463 b,0,0,0
2556,653,Kepler-464 b,0,0,0
2557,587,Kepler-465 b,0,0,0
2558,436,Kepler-466 b,0,0,0
2559,436,Kepler-466 c,0,0,0
2560,458,Kepler-467 b,0,0,0
2561,474,Kepler-468 b,0,0,0
2562,1500,Kepler-47 b,0,0,0
2563,1500,Kepler-47 c,0,0,0
2564,989,Kepler-470 b,0,0,0
2565,1373,Kepler-471 b,0,0,0
2566,302,Kepler-472 b,0,0,0
2567,641,Kepler-473 b,0,0,0
2568,568,Kepler-474 b,0,0,0
2569,280,Kepler-475 b,0,0,0
2570,687,Kepler-476 b,0,0,0
2571,367,Kepler-477 b,0,0,0
2572,420,Kepler-478 b,0,0,0
2573,371,Kepler-479 b,0,0,0
2574,0,Kepler-48 b,0,0,0
2575,0,Kepler-48 c,0,0,0
2576,0,Kepler-48 d,0,0,0
2577,0,Kepler-48 e,0,0,0
2578,806,Kepler-480 b,0,0,0
2579,713,Kepler-481 b,0,0,0
2580,290,Kepler-482 b,0,0,0
2581,953,Kepler-483 b,0,0,0
2582,377,Kepler-484 b,0,0,0
2583,1173,Kepler-485 b,0,0,0
2584,428,Kepler-486 b,0,0,0
2585,835,Kepler-487 b,0,0,0
2586,835,Kepler-487 c,0,0,0
2587,1157,Kepler-488 b,0,0,0
2588,379,Kepler-489 b,0,0,0
2589,0,Kepler-49 b,0,0,0
2590,0,Kepler-49 c,0,0,0
2591,0,Kepler-49 d,0,0,0
2592,0,Kepler-49 e,0,0,0
2593,1249,Kepler-490 b,0,0,0
2594,657,Kepler-491 b,0,0,0
2595,642,Kepler-492 b,0,0,0
2596,1942,Kepler-493 b,0,0,0
2597,862,Kepler-494 b,0,0,0
2598,630,Kepler-495 b,0,0,0
2599,655,Kepler-496 b,0,0,0
2600,1070,Kepler-497 b,0,0,0
2601,746,Kepler-498 b,0,0,0
2602,523,Kepler-499 b,0,0,0
2603,0,Kepler-5 b,0,0,0
2604,0,Kepler-50 b,0,0,0
2605,0,Kepler-50 c,0,0,0
2606,747,Kepler-500 b,0,0,0
2607,1044,Kepler-501 b,0,0,0
2608,1433,Kepler-502 b,0,0,0
2609,888,Kepler-503 b,0,0,0
2610,75,Kepler-504 b,0,0,0
2611,222,Kepler-505 b,0,0,0
2612,231,Kepler-506 b,0,0,0
2613,410,Kepler-507 b,0,0,0
2614,325,Kepler-508 b,0,0,0
2615,339,Kepler-509 b,0,0,0
2616,0,Kepler-51 b,0,0,0
2617,0,Kepler-51 c,0,0,0
2618,0,Kepler-51 d,0,0,0
2619,378,Kepler-510 b,0,0,0
2620,448,Kepler-511 b,0,0,0
2621,531,Kepler-512 b,0,0,0
2622,467,Kepler-513 b,0,0,0
2623,489,Kepler-514 b,0,0,0
2624,255,Kepler-515 b,0,0,0
2625,777,Kepler-516 b,0,0,0
2626,284,Kepler-517 b,0,0,0
2627,324,Kepler-518 b,0,0,0
2628,234,Kepler-519 b,0,0,0
2629,0,Kepler-52 b,0,0,0
2630,0,Kepler-52 c,0,0,0
2631,0,Kepler-52 d,0,0,0
2632,492,Kepler-520 b,0,0,0
2633,492,Kepler-520 c,0,0,0
2634,737,Kepler-521 b,0,0,0
2635,749,Kepler-522 b,0,0,0
2636,270,Kepler-523 b,0,0,0
2637,730,Kepler-524 b,0,0,0
2638,730,Kepler-524 c,0,0,0
2639,566,Kepler-525 b,0,0,0
2640,504,Kepler-526 b,0,0,0
2641,901,Kepler-527 b,0,0,0
2642,711,Kepler-528 b,0,0,0
2643,787,Kepler-529 b,0,0,0
2644,787,Kepler-529 c,0,0,0
2645,0,Kepler-53 b,0,0,0
2646,0,Kepler-53 c,0,0,0
2647,0,Kepler-53 d,0,0,0
2648,464,Kepler-530 b,0,0,0
2649,254,Kepler-531 b,0,0,0
2650,325,Kepler-532 b,0,0,0
2651,305,Kepler-533 b,0,0,0
2652,473,Kepler-534 b,0,0,0
2653,678,Kepler-535 b,0,0,0
2654,446,Kepler-536 b,0,0,0
2655,465,Kepler-537 b,0,0,0
2656,165,Kepler-538 b,0,0,0
2657,313,Kepler-539 b,0,0,0
2658,313,Kepler-539 c,0,0,0
2659,0,Kepler-54 b,0,0,0
2660,0,Kepler-54 c,0,0,0
2661,0,Kepler-54 d,0,0,0
2662,350,Kepler-540 b,0,0,0
2663,1020,Kepler-541 b,0,0,0
2664,439,Kepler-542 b,0,0,0
2665,212,Kepler-543 b,0,0,0
2666,797,Kepler-544 b,0,0,0
2667,831,Kepler-545 b,0,0,0
2668,896,Kepler-546 b,0,0,0
2669,361,Kepler-547 b,0,0,0
2670,776,Kepler-548 b,0,0,0
2671,648,Kepler-549 b,0,0,0
2672,648,Kepler-549 c,0,0,0
2673,0,Kepler-55 b,0,0,0
2674,0,Kepler-55 c,0,0,0
2675,0,Kepler-55 d,0,0,0
2676,0,Kepler-55 e,0,0,0
2677,0,Kepler-55 f,0,0,0
2678,563,Kepler-550 b,0,0,0
2679,312,Kepler-551 b,0,0,0
2680,834,Kepler-552 b,0,0,0
2681,725,Kepler-553 b,0,0,0
2682,725,Kepler-553 c,0,0,0
2683,642,Kepler-554 b,0,0,0
2684,772,Kepler-555 b,0,0,0
2685,729,Kepler-556 b,0,0,0
2686,1126,Kepler-557 b,0,0,0
2687,652,Kepler-558 b,0,0,0
2688,793,Kepler-559 b,0,0,0
2689,0,Kepler-56 b,0,0,0
2690,0,Kepler-56 c,0,0,0
2691,0,Kepler-56 d,0,0,0
2692,88,Kepler-560 b,0,0,0
2693,667,Kepler-561 b,0,0,0
2694,667,Kepler-561 c,0,0,0
2695,822,Kepler-562 b,0,0,0
2696,557,Kepler-563 b,0,0,0
2697,830,Kepler-564 b,0,0,0
2698,1041,Kepler-565 b,0,0,0
2699,628,Kepler-566 b,0,0,0
2700,568,Kepler-567 b,0,0,0
2701,126,Kepler-568 b,0,0,0
2702,645,Kepler-569 b,0,0,0
2703,0,Kepler-57 b,0,0,0
2704,0,Kepler-57 c,0,0,0
2705,642,Kepler-570 b,0,0,0
2706,756,Kepler-571 b,0,0,0
2707,532,Kepler-572 b,0,0,0
2708,758,Kepler-573 b,0,0,0
2709,747,Kepler-574 b,0,0,0
2710,852,Kepler-575 b,0,0,0
2711,698,Kepler-576 b,0,0,0
2712,549,Kepler-577 b,0,0,0
2713,568,Kepler-578 b,0,0,0
2714,663,Kepler-579 b,0,0,0
2715,0,Kepler-58 b,0,0,0
2716,0,Kepler-58 c,0,0,0
2717,0,Kepler-58 d,0,0,0
2718,333,Kepler-580 b,0,0,0
2719,833,Kepler-581 b,0,0,0
2720,751,Kepler-582 b,0,0,0
2721,805,Kepler-583 b,0,0,0
2722,1445,Kepler-584 b,0,0,0
2723,604,Kepler-585 b,0,0,0
2724,707,Kepler-586 b,0,0,0
2725,852,Kepler-587 b,0,0,0
2726,972,Kepler-588 b,0,0,0
2727,643,Kepler-589 b,0,0,0
2728,0,Kepler-59 b,0,0,0
2729,0,Kepler-59 c,0,0,0
2730,986,Kepler-590 b,0,0,0
2731,793,Kepler-591 b,0,0,0
2732,1034,Kepler-592 b,0,0,0
2733,1016,Kepler-593 b,0,0,0
2734,742,Kepler-594 b,0,0,0
2735,639,Kepler-595 b,0,0,0
2736,1083,Kepler-596 b,0,0,0
2737,660,Kepler-597 b,0,0,0
2738,686,Kepler-598 b,0,0,0
2739,627,Kepler-599 b,0,0,0
2740,0,Kepler-6 b,0,0,0
2741,0,Kepler-60 b,0,0,0
2742,0,Kepler-60 c,0,0,0
2743,0,Kepler-60 d,0,0,0
2744,624,Kepler-600 b,0,0,0
2745,429,Kepler-601 b,0,0,0
2746,971,Kepler-602 b,0,0,0
2747,967,Kepler-603 b,0,0,0
2748,967,Kepler-603 c,0,0,0
2749,967,Kepler-603 d,0,0,0
2750,981,Kepler-604 b,0,0,0
2751,570,Kepler-605 b,0,0,0
2752,570,Kepler-605 c,0,0,0
2753,1208,Kepler-606 b,0,0,0
2754,500,Kepler-607 b,0,0,0
2755,926,Kepler-608 b,0,0,0
2756,1143,Kepler-609 b,0,0,0
2757,,Kepler-61 b,0,0,0
2758,1113,Kepler-610 b,0,0,0
2759,1113,Kepler-610 c,0,0,0
2760,906,Kepler-611 b,0,0,0
2761,932,Kepler-612 b,0,0,0
2762,864,Kepler-613 b,0,0,0
2763,571,Kepler-614 b,0,0,0
2764,330,Kepler-615 b,0,0,0
2765,1019,Kepler-616 b,0,0,0
2766,1019,Kepler-616 c,0,0,0
2767,150,Kepler-617 b,0,0,0
2768,1115,Kepler-618 b,0,0,0
2769,1111,Kepler-619 b,0,0,0
2770,1111,Kepler-619 c,0,0,0
2771,368,Kepler-62 b,0,0,0
2772,368,Kepler-62 c,0,0,0
2773,368,Kepler-62 d,0,0,0
2774,368,Kepler-62 e,0,0,0
2775,368,Kepler-62 f,0,0,0
2776,1241,Kepler-620 b,0,0,0
2777,389,Kepler-621 b,0,0,0
2778,259,Kepler-622 b,0,0,0
2779,811,Kepler-623 b,0,0,0
2780,731,Kepler-624 b,0,0,0
2781,502,Kepler-625 b,0,0,0
2782,502,Kepler-625 c,0,0,0
2783,690,Kepler-626 b,0,0,0
2784,1143,Kepler-627 b,0,0,0
2785,579,Kepler-628 b,0,0,0
2786,383,Kepler-629 b,0,0,0
2787,200,Kepler-63 b,0,0,0
2788,657,Kepler-630 b,0,0,0
2789,843,Kepler-631 b,0,0,0
2790,349,Kepler-632 b,0,0,0
2791,634,Kepler-633 b,0,0,0
2792,757,Kepler-634 b,0,0,0
2793,826,Kepler-635 b,0,0,0
2794,341,Kepler-636 b,0,0,0
2795,1575,Kepler-637 b,0,0,0
2796,426,Kepler-638 b,0,0,0
2797,680,Kepler-639 b,0,0,0
2798,538,Kepler-640 b,0,0,0
2799,673,Kepler-641 b,0,0,0
2800,1022,Kepler-642 b,0,0,0
2801,1029,Kepler-643 b,0,0,0
2802,1413,Kepler-644 b,0,0,0
2803,901,Kepler-645 b,0,0,0
2804,513,Kepler-646 b,0,0,0
2805,789,Kepler-647 b,0,0,0
2806,665,Kepler-648 b,0,0,0
2807,525,Kepler-649 b,0,0,0
2808,0,Kepler-65 b,0,0,0
2809,0,Kepler-65 c,0,0,0
2810,0,Kepler-65 d,0,0,0
2811,805,Kepler-650 b,0,0,0
2812,537,Kepler-651 b,0,0,0
2813,423,Kepler-652 b,0,0,0
2814,593,Kepler-653 b,0,0,0
2815,593,Kepler-653 c,0,0,0
2816,661,Kepler-654 b,0,0,0
2817,783,Kepler-655 b,0,0,0
2818,867,Kepler-656 b,0,0,0
2819,1244,Kepler-657 b,0,0,0
2820,341,Kepler-658 b,0,0,0
2821,688,Kepler-659 b,0,0,0
2822,1107,Kepler-66 b,0,0,0
2823,564,Kepler-660 b,0,0,0
2824,558,Kepler-661 b,0,0,0
2825,641,Kepler-662 b,0,0,0
2826,1030,Kepler-663 b,0,0,0
2827,1386,Kepler-664 b,0,0,0
2828,651,Kepler-665 b,0,0,0
2829,1330,Kepler-666 b,0,0,0
2830,907,Kepler-667 b,0,0,0
2831,877,Kepler-668 b,0,0,0
2832,1778,Kepler-669 b,0,0,0
2833,1107,Kepler-67 b,0,0,0
2834,980,Kepler-670 b,0,0,0
2835,1139,Kepler-671 b,0,0,0
2836,1011,Kepler-672 b,0,0,0
2837,978,Kepler-673 b,0,0,0
2838,302,Kepler-674 b,0,0,0
2839,651,Kepler-675 b,0,0,0
2840,243,Kepler-676 b,0,0,0
2841,1180,Kepler-677 b,0,0,0
2842,875,Kepler-678 b,0,0,0
2843,968,Kepler-679 b,0,0,0
2844,135,Kepler-68 b,0,0,0
2845,135,Kepler-68 c,0,0,0
2846,135,Kepler-68 d,0,0,0
2847,1342,Kepler-680 b,0,0,0
2848,666,Kepler-681 b,0,0,0
2849,951,Kepler-682 b,0,0,0
2850,976,Kepler-683 b,0,0,0
2851,1066,Kepler-684 b,0,0,0
2852,1145,Kepler-685 b,0,0,0
2853,1203,Kepler-686 b,0,0,0
2854,628,Kepler-687 b,0,0,0
2855,1247,Kepler-688 b,0,0,0
2856,1044,Kepler-689 b,0,0,0
2857,0,Kepler-69 b,0,0,0
2858,0,Kepler-69 c,0,0,0
2859,1653,Kepler-690 b,0,0,0
2860,239,Kepler-691 b,0,0,0
2861,1000,Kepler-692 b,0,0,0
2862,1002,Kepler-693 b,0,0,0
2863,1023,Kepler-694 b,0,0,0
2864,620,Kepler-695 b,0,0,0
2865,1285,Kepler-696 b,0,0,0
2866,1091,Kepler-697 b,0,0,0
2867,1135,Kepler-698 b,0,0,0
2868,888,Kepler-699 b,0,0,0
2869,0,Kepler-7 b,0,0,0
2870,1061,Kepler-700 b,0,0,0
2871,755,Kepler-701 b,0,0,0
2872,892,Kepler-702 b,0,0,0
2873,1482,Kepler-703 b,0,0,0
2874,1054,Kepler-704 b,0,0,0
2875,251,Kepler-705 b,0,0,0
2876,810,Kepler-706 b,0,0,0
2877,626,Kepler-707 b,0,0,0
2878,1241,Kepler-708 b,0,0,0
2879,668,Kepler-709 b,0,0,0
2880,919,Kepler-710 b,0,0,0
2881,664,Kepler-711 b,0,0,0
2882,944,Kepler-712 b,0,0,0
2883,944,Kepler-712 c,0,0,0
2884,1003,Kepler-713 b,0,0,0
2885,1460,Kepler-714 b,0,0,0
2886,1214,Kepler-715 b,0,0,0
2887,675,Kepler-716 b,0,0,0
2888,1126,Kepler-717 b,0,0,0
2889,1520,Kepler-718 b,0,0,0
2890,1427,Kepler-719 b,0,0,0
2891,880,Kepler-720 b,0,0,0
2892,848,Kepler-721 b,0,0,0
2893,1375,Kepler-722 b,0,0,0
2894,1375,Kepler-722 c,0,0,0
2895,965,Kepler-723 b,0,0,0
2896,862,Kepler-724 b,0,0,0
2897,778,Kepler-725 b,0,0,0
2898,838,Kepler-726 b,0,0,0
2899,892,Kepler-727 b,0,0,0
2900,1236,Kepler-728 b,0,0,0
2901,1271,Kepler-729 b,0,0,0
2902,1455,Kepler-730 b,0,0,0
2903,1311,Kepler-731 b,0,0,0
2904,150,Kepler-732 b,0,0,0
2905,150,Kepler-732 c,0,0,0
2906,980,Kepler-733 b,0,0,0
2907,553,Kepler-734 b,0,0,0
2908,790,Kepler-735 b,0,0,0
2909,1007,Kepler-736 b,0,0,0
2910,195,Kepler-737 b,0,0,0
2911,992,Kepler-738 b,0,0,0
2912,1128,Kepler-739 b,0,0,0
2913,1330,Kepler-74 b,0,0,0
2914,1262,Kepler-740 b,0,0,0
2915,1530,Kepler-741 b,0,0,0
2916,499,Kepler-742 b,0,0,0
2917,258,Kepler-743 b,0,0,0
2918,486,Kepler-744 b,0,0,0
2919,1199,Kepler-745 b,0,0,0
2920,450,Kepler-746 b,0,0,0
2921,855,Kepler-747 b,0,0,0
2922,1271,Kepler-748 b,0,0,0
2923,753,Kepler-749 b,0,0,0
2924,1140,Kepler-75 b,0,0,0
2925,1181,Kepler-750 b,0,0,0
2926,1181,Kepler-750 c,0,0,0
2927,748,Kepler-751 b,0,0,0
2928,1075,Kepler-752 b,0,0,0
2929,278,Kepler-753 b,0,0,0
2930,1192,Kepler-754 b,0,0,0
2931,368,Kepler-755 b,0,0,0
2932,368,Kepler-755 c,0,0,0
2933,852,Kepler-756 b,0,0,0
2934,1016,Kepler-757 b,0,0,0
2935,1353,Kepler-758 b,0,0,0
2936,1353,Kepler-758 c,0,0,0
2937,1353,Kepler-758 d,0,0,0
2938,1353,Kepler-758 e,0,0,0
2939,892,Kepler-759 b,0,0,0
2940,0,Kepler-76 b,0,0,0
2941,782,Kepler-760 b,0,0,0
2942,782,Kepler-760 c,0,0,0
2943,867,Kepler-761 b,0,0,0
2944,1465,Kepler-762 b,0,0,0
2945,902,Kepler-763 b,0,0,0
2946,1013,Kepler-764 b,0,0,0
2947,1000,Kepler-765 b,0,0,0
2948,1614,Kepler-766 b,0,0,0
2949,1185,Kepler-767 b,0,0,0
2950,795,Kepler-768 b,0,0,0
2951,1362,Kepler-769 b,0,0,0
2952,1362,Kepler-769 c,0,0,0
2953,570,Kepler-77 b,0,0,0
2954,761,Kepler-770 b,0,0,0
2955,761,Kepler-770 c,0,0,0
2956,761,Kepler-770 d,0,0,0
2957,1000,Kepler-771 b,0,0,0
2958,689,Kepler-772 b,0,0,0
2959,528,Kepler-773 b,0,0,0
2960,1190,Kepler-774 b,0,0,0
2961,400,Kepler-775 b,0,0,0
2962,727,Kepler-776 b,0,0,0
2963,383,Kepler-777 b,0,0,0
2964,899,Kepler-778 b,0,0,0
2965,224,Kepler-779 b,0,0,0
2966,0,Kepler-78 b,0,0,0
2967,520,Kepler-780 b,0,0,0
2968,1036,Kepler-781 b,0,0,0
2969,412,Kepler-782 b,0,0,0
2970,544,Kepler-783 b,0,0,0
2971,604,Kepler-784 b,0,0,0
2972,666,Kepler-785 b,0,0,0
2973,512,Kepler-786 b,0,0,0
2974,468,Kepler-787 b,0,0,0
2975,1649,Kepler-788 b,0,0,0
2976,915,Kepler-789 b,0,0,0
2977,0,Kepler-79 b,0,0,0
2978,0,Kepler-79 c,0,0,0
2979,0,Kepler-79 d,0,0,0
2980,0,Kepler-79 e,0,0,0
2981,727,Kepler-790 b,0,0,0
2982,1447,Kepler-791 b,0,0,0
2983,1205,Kepler-792 b,0,0,0
2984,794,Kepler-793 b,0,0,0
2985,763,Kepler-794 b,0,0,0
2986,458,Kepler-795 b,0,0,0
2987,377,Kepler-796 b,0,0,0
2988,752,Kepler-797 b,0,0,0
2989,1085,Kepler-798 b,0,0,0
2990,1029,Kepler-799 b,0,0,0
2991,1330,Kepler-8 b,0,0,0
2992,357,Kepler-80 b,0,0,0
2993,357,Kepler-80 c,0,0,0
2994,357,Kepler-80 d,0,0,0
2995,357,Kepler-80 e,0,0,0
2996,357,Kepler-80 f,0,0,0
2997,1049,Kepler-800 b,0,0,0
2998,419,Kepler-801 b,0,0,0
2999,828,Kepler-802 b,0,0,0
3000,615,Kepler-803 b,0,0,0
3001,648,Kepler-804 b,0,0,0
3002,648,Kepler-804 c,0,0,0
3003,657,Kepler-805 b,0,0,0
3004,260,Kepler-806 b,0,0,0
3005,1312,Kepler-807 b,0,0,0
3006,321,Kepler-808 b,0,0,0
3007,933,Kepler-809 b,0,0,0
3008,0,Kepler-81 b,0,0,0
3009,0,Kepler-81 c,0,0,0
3010,0,Kepler-81 d,0,0,0
3011,1554,Kepler-810 b,0,0,0
3012,847,Kepler-811 b,0,0,0
3013,1482,Kepler-812 b,0,0,0
3014,840,Kepler-813 b,0,0,0
3015,1327,Kepler-814 b,0,0,0
3016,1199,Kepler-815 b,0,0,0
3017,1059,Kepler-816 b,0,0,0
3018,1401,Kepler-817 b,0,0,0
3019,967,Kepler-818 b,0,0,0
3020,722,Kepler-819 b,0,0,0
3021,0,Kepler-82 b,0,0,0
3022,0,Kepler-82 c,0,0,0
3023,0,Kepler-82 d,0,0,0
3024,0,Kepler-82 e,0,0,0
3025,989,Kepler-820 b,0,0,0
3026,619,Kepler-821 b,0,0,0
3027,956,Kepler-822 b,0,0,0
3028,896,Kepler-823 b,0,0,0
3029,1352,Kepler-824 b,0,0,0
3030,820,Kepler-825 b,0,0,0
3031,820,Kepler-825 c,0,0,0
3032,649,Kepler-826 b,0,0,0
3033,1352,Kepler-827 b,0,0,0
3034,625,Kepler-828 b,0,0,0
3035,954,Kepler-829 b,0,0,0
3036,0,Kepler-83 b,0,0,0
3037,0,Kepler-83 c,0,0,0
3038,0,Kepler-83 d,0,0,0
3039,1122,Kepler-830 b,0,0,0
3040,577,Kepler-831 b,0,0,0
3041,1346,Kepler-832 b,0,0,0
3042,421,Kepler-833 b,0,0,0
3043,620,Kepler-834 b,0,0,0
3044,2011,Kepler-835 b,0,0,0
3045,1003,Kepler-836 b,0,0,0
3046,846,Kepler-837 b,0,0,0
3047,1210,Kepler-838 b,0,0,0
3048,833,Kepler-839 b,0,0,0
3049,0,Kepler-84 b,0,0,0
3050,0,Kepler-84 c,0,0,0
3051,0,Kepler-84 d,0,0,0
3052,0,Kepler-84 e,0,0,0
3053,0,Kepler-84 f,0,0,0
3054,778,Kepler-840 b,0,0,0
3055,1052,Kepler-841 b,0,0,0
3056,552,Kepler-842 b,0,0,0
3057,1247,Kepler-843 b,0,0,0
3058,394,Kepler-844 b,0,0,0
3059,471,Kepler-845 b,0,0,0
3060,1233,Kepler-846 b,0,0,0
3061,529,Kepler-847 b,0,0,0
3062,797,Kepler-848 b,0,0,0
3063,747,Kepler-849 b,0,0,0
3064,0,Kepler-85 b,0,0,0
3065,0,Kepler-85 c,0,0,0
3066,0,Kepler-85 d,0,0,0
3067,0,Kepler-85 e,0,0,0
3068,1535,Kepler-850 b,0,0,0
3069,869,Kepler-851 b,0,0,0
3070,854,Kepler-852 b,0,0,0
3071,610,Kepler-853 b,0,0,0
3072,741,Kepler-854 b,0,0,0
3073,1043,Kepler-855 b,0,0,0
3074,1175,Kepler-856 b,0,0,0
3075,1039,Kepler-857 b,0,0,0
3076,296,Kepler-858 b,0,0,0
3077,915,Kepler-859 b,0,0,0
3078,1295,Kepler-860 b,0,0,0
3079,806,Kepler-861 b,0,0,0
3080,806,Kepler-862 b,0,0,0
3081,1145,Kepler-863 b,0,0,0
3082,1573,Kepler-864 b,0,0,0
3083,664,Kepler-865 b,0,0,0
3084,690,Kepler-866 b,0,0,0
3085,824,Kepler-867 b,0,0,0
3086,1269,Kepler-868 b,0,0,0
3087,957,Kepler-869 b,0,0,0
3088,0,Kepler-87 b,0,0,0
3089,0,Kepler-87 c,0,0,0
3090,1231,Kepler-870 b,0,0,0
3091,1695,Kepler-871 b,0,0,0
3092,1114,Kepler-872 b,0,0,0
3093,1397,Kepler-873 b,0,0,0
3094,1072,Kepler-874 b,0,0,0
3095,1244,Kepler-875 b,0,0,0
3096,735,Kepler-876 b,0,0,0
3097,572,Kepler-877 b,0,0,0
3098,567,Kepler-878 b,0,0,0
3099,772,Kepler-879 b,0,0,0
3100,673,Kepler-880 b,0,0,0
3101,1364,Kepler-881 b,0,0,0
3102,525,Kepler-882 b,0,0,0
3103,549,Kepler-883 b,0,0,0
3104,420,Kepler-884 b,0,0,0
3105,632,Kepler-885 b,0,0,0
3106,857,Kepler-886 b,0,0,0
3107,831,Kepler-887 b,0,0,0
3108,831,Kepler-887 c,0,0,0
3109,413,Kepler-888 b,0,0,0
3110,513,Kepler-889 b,0,0,0
3111,1387,Kepler-890 b,0,0,0
3112,1372,Kepler-891 b,0,0,0
3113,640,Kepler-892 b,0,0,0
3114,1216,Kepler-893 b,0,0,0
3115,1090,Kepler-894 b,0,0,0
3116,516,Kepler-895 b,0,0,0
3117,896,Kepler-896 b,0,0,0
3118,1147,Kepler-897 b,0,0,0
3119,479,Kepler-898 b,0,0,0
3120,1038,Kepler-899 b,0,0,0
3121,650,Kepler-9 b,0,0,0
3122,650,Kepler-9 c,0,0,0
3123,650,Kepler-9 d,0,0,0
3124,505,Kepler-900 b,0,0,0
3125,241,Kepler-901 b,0,0,0
3126,904,Kepler-902 b,0,0,0
3127,829,Kepler-903 b,0,0,0
3128,829,Kepler-903 c,0,0,0
3129,1151,Kepler-904 b,0,0,0
3130,521,Kepler-905 b,0,0,0
3131,758,Kepler-906 b,0,0,0
3132,352,Kepler-907 b,0,0,0
3133,250,Kepler-908 b,0,0,0
3134,318,Kepler-909 b,0,0,0
3135,1030,Kepler-91 b,0,0,0
3136,402,Kepler-910 b,0,0,0
3137,567,Kepler-911 b,0,0,0
3138,1265,Kepler-912 b,0,0,0
3139,597,Kepler-913 b,0,0,0
3140,678,Kepler-914 b,0,0,0
3141,806,Kepler-915 b,0,0,0
3142,769,Kepler-916 b,0,0,0
3143,1027,Kepler-917 b,0,0,0
3144,1245,Kepler-918 b,0,0,0
3145,1219,Kepler-919 b,0,0,0
3146,0,Kepler-92 b,0,0,0
3147,0,Kepler-92 c,0,0,0
3148,0,Kepler-92 d,0,0,0
3149,926,Kepler-920 b,0,0,0
3150,926,Kepler-920 c,0,0,0
3151,847,Kepler-921 b,0,0,0
3152,558,Kepler-922 b,0,0,0
3153,966,Kepler-923 b,0,0,0
3154,995,Kepler-924 b,0,0,0
3155,623,Kepler-925 b,0,0,0
3156,771,Kepler-926 b,0,0,0
3157,879,Kepler-927 b,0,0,0
3158,532,Kepler-928 b,0,0,0
3159,820,Kepler-929 b,0,0,0
3160,0,Kepler-93 b,0,0,0
3161,0,Kepler-93 c,0,0,0
3162,905,Kepler-930 b,0,0,0
3163,490,Kepler-931 b,0,0,0
3164,478,Kepler-932 b,0,0,0
3165,922,Kepler-933 b,0,0,0
3166,603,Kepler-934 b,0,0,0
3167,482,Kepler-935 b,0,0,0
3168,687,Kepler-936 b,0,0,0
3169,1482,Kepler-937 b,0,0,0
3170,1482,Kepler-937 c,0,0,0
3171,861,Kepler-938 b,0,0,0
3172,1029,Kepler-939 b,0,0,0
3173,0,Kepler-94 b,0,0,0
3174,0,Kepler-94 c,0,0,0
3175,1317,Kepler-940 b,0,0,0
3176,1105,Kepler-941 b,0,0,0
3177,218,Kepler-942 b,0,0,0
3178,1239,Kepler-943 b,0,0,0
3179,1035,Kepler-944 b,0,0,0
3180,1543,Kepler-945 b,0,0,0
3181,918,Kepler-946 b,0,0,0
3182,1188,Kepler-947 b,0,0,0
3183,884,Kepler-948 b,0,0,0
3184,572,Kepler-949 b,0,0,0
3185,0,Kepler-95 b,0,0,0
3186,1489,Kepler-950 b,0,0,0
3187,408,Kepler-951 b,0,0,0
3188,1167,Kepler-952 b,0,0,0
3189,240,Kepler-953 b,0,0,0
3190,240,Kepler-953 c,0,0,0
3191,224,Kepler-954 b,0,0,0
3192,637,Kepler-955 b,0,0,0
3193,631,Kepler-956 b,0,0,0
3194,749,Kepler-957 b,0,0,0
3195,467,Kepler-958 b,0,0,0
3196,1003,Kepler-959 b,0,0,0
3197,0,Kepler-96 b,0,0,0
3198,298,Kepler-960 b,0,0,0
3199,607,Kepler-961 b,0,0,0
3200,439,Kepler-962 b,0,0,0
3201,786,Kepler-963 b,0,0,0
3202,478,Kepler-964 b,0,0,0
3203,618,Kepler-965 b,0,0,0
3204,773,Kepler-966 b,0,0,0
3205,499,Kepler-967 b,0,0,0
3206,499,Kepler-967 c,0,0,0
3207,312,Kepler-968 b,0,0,0
3208,312,Kepler-968 c,0,0,0
3209,411,Kepler-969 b,0,0,0
3210,411,Kepler-969 c,0,0,0
3211,0,Kepler-97 b,0,0,0
3212,0,Kepler-97 c,0,0,0
3213,350,Kepler-970 b,0,0,0
3214,345,Kepler-971 b,0,0,0
3215,1304,Kepler-972 b,0,0,0
3216,297,Kepler-973 b,0,0,0
3217,121,Kepler-974 b,0,0,0
3218,404,Kepler-975 b,0,0,0
3219,1020,Kepler-976 b,0,0,0
3220,664,Kepler-977 b,0,0,0
3221,624,Kepler-978 b,0,0,0
3222,606,Kepler-979 b,0,0,0
3223,0,Kepler-98 b,0,0,0
3224,804,Kepler-980 b,0,0,0
3225,913,Kepler-981 b,0,0,0
3226,702,Kepler-982 b,0,0,0
3227,655,Kepler-983 b,0,0,0
3228,461,Kepler-984 b,0,0,0
3229,741,Kepler-985 b,0,0,0
3230,563,Kepler-986 b,0,0,0
3231,936,Kepler-987 b,0,0,0
3232,248,Kepler-988 b,0,0,0
3233,484,Kepler-989 b,0,0,0
3234,0,Kepler-99 b,0,0,0
3235,933,Kepler-990 b,0,0,0
3236,933,Kepler-990 c,0,0,0
3237,370,Kepler-991 b,0,0,0
3238,268,Kepler-992 b,0,0,0
3239,298,Kepler-993 b,0,0,0
3240,170,Kepler-994 b,0,0,0
3241,659,Kepler-995 b,0,0,0
3242,1098,Kepler-996 b,0,0,0
3243,470,Kepler-997 b,0,0,0
3244,996,Kepler-998 b,0,0,0
3245,568,Kepler-999 b,0,0,0
3246,12.47,LHS 1140 b,0,0,0
3247,0,LkCa 15 b,,0,0
3248,0,LkCa 15 c,,0,0
3249,2000,Lupus-TR-3 b,57.207,0,0
3250,188.7,MASCARA-1 b,286.047,0,0
3251,1000,MOA 2007-BLG-192L b,4.9,0,0
3252,5800,MOA 2007-BLG-400L b,155.73,0,0
3253,7700,MOA 2008-BLG-310L b,17,0,0
3254,3300,MOA 2008-BLG-379L b,540.3,0,0
3255,3040,MOA 2009-BLG-266L b,1.7,0,0
3256,6100,MOA 2009-BLG-319L b,44,0,0
3257,5690,MOA 2009-BLG-387L b,1318.9945,0,0
3258,2800,MOA 2010-BLG-073L b,635.6,0,0
3259,810,MOA 2010-BLG-328L b,2.2,0,0
3260,6430,MOA 2010-BLG-353L b,152.5584,0,0
3261,2300,MOA 2010-BLG-477L b,254.3,0,0
3262,7380,MOA 2011-BLG-028L b,16,0,0
3263,7000,MOA 2011-BLG-262L b,28,0,0
3264,7720,MOA 2011-BLG-293L b,95.3,0,0
3265,7560,MOA 2011-BLG-322L b,4258.7,0,0
3266,0,MOA 2013-BLG-605L b,0.5,0,0
3267,6500,MOA 2016-BLG-227L b,699.226,0,0
3268,5300,MOA-2012-BLG-006L b,1462.018,0,0
3269,7210,MOA-2012-BLG-505L b,10.61,0,0
3270,5100,MOA-bin-1L b,667.4,0,0
3271,0,MXB 1658-298 b,1017.056,0,0
3272,0,NGC 2682 Sand 364 b,0,0,0
3273,628.93,NGC 2682 Sand 978 b,0,0,0
3274,0,NGC 2682 YBP 1194 b,0,0,0
3275,0,NGC 2682 YBP 1514 b,0,0,0
3276,0,NGC 2682 YBP 401 b,0,0,0
3277,2200,NGC 4349 127 b,0,0,0
3278,500,NN Ser c,98.52,0,0
3279,500,NN Ser d,158.9,0,0
3280,0,NY Vir b,0,0,0
3281,5800,OGLE 2003-BLG-235L b,254.264,0,0
3282,4100,OGLE 2005-BLG-169L b,0.9,0,0
3283,6600,OGLE 2005-BLG-390L b,5.5,0,0
3284,3200,OGLE 2005-BLG-71L b,127.1,0,0
3285,1510,OGLE 2006-BLG-109L b,19,0,0
3286,1510,OGLE 2006-BLG-109L c,7,0,0
3287,2760,OGLE 2007-BLG-349L AB c,13,0,0
3288,5900,OGLE 2007-BLG-368L b,7,0,0
3289,6800,OGLE 2008-BLG-355L b,1175.9,0,0
3290,8100,OGLE 2008-BLG-92L b,,0,0
3291,2570,OGLE 2011-BLG-251L b,66.74,0,0
3292,4380,OGLE 2011-BLG-265L b,85.81,0,0
3293,1300,OGLE 2012-BLG-0563L b,44,0,0
3294,6700,OGLE 2012-BLG-0724L b,171.6282,0,0
3295,4019,OGLE 2012-BLG-26L b,2.60621,0,0
3296,4019,OGLE 2012-BLG-26L c,19.0698,0,0
3297,1760,OGLE 2012-BLG-358L b,60.39,0,0
3298,4970,OGLE 2012-BLG-406L b,136.66,0,0
3299,3040,OGLE 2013-BLG-102L b,665.748,0,0
3300,1161,OGLE 2013-BLG-341L B b,0.27,0,0
3301,2220,OGLE 2014-BLG-0676L b,324.1866,0,0
3302,4100,OGLE 2014-BLG-124L b,50.85,0,0
3303,8200,OGLE 2015-BLG-0051L b,206.5895,0,0
3304,600,OGLE 2015-BLG-0954L b,444.962,0,0
3305,2500,OGLE 2015-BLG-0966L b,2,0,0
3306,3000,OGLE-2012-BLG-0950L b,17,0,0
3307,3900,OGLE-2013-BLG-0132L b,50.8528,0,0
3308,6300,OGLE-2013-BLG-1721L b,111.2405,0,0
3309,6860,OGLE-2014-BLG-1760 b,108.0622,0,0
3310,6500,OGLE-2016-BLG-0263L b,2065.895,0,0
3311,3910,OGLE-2016-BLG-1195L b,0.45,0,0
3312,0,OGLE-TR-056 b,57.21,0,0
3313,0,OGLE-TR-10 b,44.494,0,0
3314,0,OGLE-TR-111 b,0,0,0
3315,600,OGLE-TR-113 b,50.851,0,0
3316,2500,OGLE-TR-132 b,44.49,0,0
3317,0,OGLE-TR-182 b,47.672,0,0
3318,0,OGLE-TR-211 b,63.563,0,0
3319,0,OGLE2-TR-L9 b,476.725,0,0
3320,125,Oph 11 b,1906.98,0,0
3321,1000,PH1 b,0,0,0
3322,,PH2 b,0,0,0
3323,1200,POTS-1 b,244.72,0,0
3324,600,PSR B1257+12 b,0.002,0,0
3325,600,PSR B1257+12 c,0.2,0,0
3326,600,PSR B1257+12 d,0.2,0,0
3327,0,PSR B1620-26 b,317.83,0,0
3328,1200,PSR J1719-1438 b,0,0,0
3329,0,Pr0201 b,0,0,0
3330,0,Pr0211 b,0,0,0
3331,0,Pr0211 c,0,0,0
3332,1.29,Proxima Cen b,0,27.23,0
3333,0,Qatar-1 b,16.52716,0,0
3334,0,Qatar-2 b,17.162,0,0
3335,0,Qatar-3 b,149.3801,0,0
3336,0,Qatar-4 b,171.6282,0,0
3337,0,Qatar-5 b,57.2094,0,0
3338,120,ROXs 12 b,1271,0,0
3339,135,ROXs 42 B b,953,0,0
3340,0,RR Cae b,0,0,0
3341,11.43,Ross 458 c,0,29.31,0
3342,0,SR 12 AB c,2224.72,0,0
3343,8500,SWEEPS-11 b,1779.77,0,0
3344,8500,SWEEPS-4 b,0,0,0
3345,147,TAP 26 b,0,0,0
3346,12.1,TRAPPIST-1 b,0.72,0,0
3347,12.1,TRAPPIST-1 c,0.61,0,0
3348,12.1,TRAPPIST-1 d,0.27,0,0
3349,12.1,TRAPPIST-1 e,0.58,0,0
3350,12.1,TRAPPIST-1 f,0.18,0,0
3351,12.1,TRAPPIST-1 g,0.88,0,0
3352,12.1,TRAPPIST-1 h,0,0,0
3353,759,TYC 1422-614-1 b,0,0,0
3354,759,TYC 1422-614-1 c,0,0,0
3355,481,TYC 3667-1280-1 b,0,0,0
3356,700,TYC 4282-00605-1 b,0,0,0
3357,150,TrES-1 b,14.937,0,0
3358,213,TrES-2 b,21.61244,0,0
3359,228,TrES-3 b,23.836,0,0
3360,492,TrES-4 b,11.12405,0,0
3361,360,TrES-5 b,21.61244,0,0
3362,0,USco CTIO 108 b,635.66,0,0
3363,0,UZ For b,476.7,0,0
3364,0,UZ For c,381.4,0,0
3365,1400,V0391 Peg b,0,0,0
3366,150,V830 Tau b,38.1396,0,0
3367,12.7,VHS J125601.92-125723.9 b,3082.951,0,0
3368,408,WASP-1 b,18.116,0,0
3369,90,WASP-10 b,41.32,0,0
3370,0,WASP-100 b,38.14,0,0
3371,0,WASP-101 b,12.71,0,0
3372,470,WASP-103 b,27.968,0,0
3373,143,WASP-104 b,14.937,0,0
3374,0,WASP-105 b,31.783,0,0
3375,283,WASP-106 b,24.154,0,0
3376,0,WASP-107 b,3.1783,0,0
3377,121.7,WASP-11 b,5.721,0,0
3378,360,WASP-113 b,17.16282,0,0
3379,460,WASP-114 b,20.34112,0,0
3380,0,WASP-117 b,2.8603,0,0
3381,250,WASP-118 b,6.3566,0,0
3382,333,WASP-119 b,25.4264,0,0
3383,0,WASP-12 b,24.15508,0,0
3384,437,WASP-120 b,66.7443,0,0
3385,270,WASP-121 b,20.34112,0,0
3386,214,WASP-123 b,11.44188,0,0
3387,433,WASP-124 b,22.2481,0,0
3388,234,WASP-126 b,12.7132,0,0
3389,102,WASP-127 b,6.3566,0,0
3390,246,WASP-129 b,31.783,0,0
3391,155,WASP-13 b,13.984,0,0
3392,180,WASP-130 b,12.7132,0,0
3393,250,WASP-131 b,6.3566,0,0
3394,120,WASP-132 b,9.5349,0,0
3395,547,WASP-133 b,28.6047,0,0
3396,300,WASP-135 b,25.4264,0,0
3397,164,WASP-136 b,25.4264,0,0
3398,308,WASP-138 b,25.4264,0,0
3399,230,WASP-139 b,5.40311,0,0
3400,160,WASP-14 b,161,0,0
3401,180,WASP-140 b,22.2481,0,0
3402,570,WASP-141 b,47.6745,0,0
3403,840,WASP-142 b,28.6047,0,0
3404,0,WASP-15 b,16,0,0
3405,480,WASP-151 b,12.7132,0,0
3406,430,WASP-153 b,6.3566,0,0
3407,140,WASP-156 b,3.1783,0,0
3408,0,WASP-157 b,29.55819,0,0
3409,0,WASP-16 b,14,0,0
3410,381,WASP-167 b,0,0,0
3411,400,WASP-17 b,10.17056,0,0
3412,105.49,WASP-18 b,120.77,0,0
3413,250,WASP-19 b,12.07754,0,0
3414,166,WASP-2 b,28.603,0,0
3415,210,WASP-20 b,5.403,0,0
3416,242,WASP-21 b,3.496,0,0
3417,300,WASP-22 b,8.89924,0,0
3418,0,WASP-23 b,27.968,0,0
3419,0,WASP-24 b,11.441,0,0
3420,0,WASP-25 b,12.713,0,0
3421,250,WASP-26 b,6.674,0,0
3422,410,WASP-28 b,13.666,0,0
3423,70,WASP-29 b,6.356,0,0
3424,220,WASP-3 b,19.0698,0,0
3425,360,WASP-31 b,9.217,0,0
3426,,WASP-32 b,22.247,0,0
3427,116.14,WASP-33 b,0,0,0
3428,120,WASP-34 b,3.18,0,0
3429,,WASP-35 b,19.069,0,0
3430,450,WASP-36 b,22.2481,0,0
3431,343,WASP-37 b,54.029,0,0
3432,110,WASP-38 b,18.433,0,0
3433,230,WASP-39 b,9.535,0,0
3434,300,WASP-4 b,4.13179,0,0
3435,180,WASP-41 b,15.8915,0,0
3436,180,WASP-41 c,,0,0
3437,160,WASP-42 b,8.89924,0,0
3438,80,WASP-43 b,31.782,0,0
3439,0,WASP-44 b,19.705,0,0
3440,0,WASP-45 b,19.70546,0,0
3441,0,WASP-46 b,41.3179,0,0
3442,200,WASP-47 b,190,0,0
3443,200,WASP-47 c,320,0,0
3444,200,WASP-47 d,12,0,0
3445,200,WASP-47 e,5.5,0,0
3446,0,WASP-48 b,27,0,0
3447,170,WASP-49 b,8.581,0,0
3448,300,WASP-5 b,41.32,0,0
3449,230,WASP-50 b,28.921,0,0
3450,140,WASP-52 b,6.36,0,0
3451,0,WASP-53 b,29.24036,0,0
3452,0,WASP-53 c,0,0,0
3453,200,WASP-54 b,7.945,0,0
3454,330,WASP-55 b,12.07754,0,0
3455,255,WASP-56 b,10.806,0,0
3456,455,WASP-57 b,19.70546,0,0
3457,300,WASP-58 b,22.25,0,0
3458,125,WASP-59 b,14.302,0,0
3459,0,WASP-6 b,8.58141,0,0
3460,400,WASP-60 b,10.806,0,0
3461,480,WASP-61 b,54.029,0,0
3462,160,WASP-62 b,12.713,0,0
3463,330,WASP-63 b,9.535,0,0
3464,350,WASP-64 b,21.612,0,0
3465,310,WASP-65 b,50.85,0,0
3466,380,WASP-66 b,41.316,0,0
3467,225,WASP-67 b,12.713,0,0
3468,0,WASP-68 b,9.53,0,0
3469,50,WASP-69 b,5.403,0,0
3470,140,WASP-7 b,41.316,0,0
3471,245,WASP-70 A b,6.992,0,0
3472,345,WASP-71 b,25.425,0,0
3473,340,WASP-72 b,18.751,0,0
3474,0,WASP-73 b,22.25,0,0
3475,120,WASP-74 b,19.0698,0,0
3476,260,WASP-75 b,15.89,0,0
3477,120,WASP-76 b,9.5349,0,0
3478,93,WASP-77 A b,19.07,0,0
3479,550,WASP-78 b,25.425,0,0
3480,240,WASP-79 b,25.43,0,0
3481,87,WASP-8 b,25.108,0,0
3482,87,WASP-8 c,0,0,0
3483,60,WASP-80 b,11.12405,0,0
3484,0,WASP-81 b,11.44188,0,0
3485,200,WASP-82 b,12.7132,0,0
3486,300,WASP-83 b,9.5349,0,0
3487,125,WASP-84 b,8.899,0,0
3488,0,WASP-85 A b,20.65895,0,0
3489,0,WASP-88 b,25.43,0,0
3490,0,WASP-89 b,127.132,0,0
3491,340,WASP-90 b,22.2481,0,0
3492,150.72,WASP-91 b,25.4264,0,0
3493,530,WASP-92 b,21.61244,0,0
3494,250,WASP-93 b,92.1707,0,0
3495,180,WASP-94 A b,11.124,0,0
3496,180,WASP-94 B b,0,0,0
3497,0,WASP-95 b,31.78,0,0
3498,0,WASP-96 b,9.53,0,0
3499,0,WASP-97 b,15.89,0,0
3500,0,WASP-98 b,25.4264,0,0
3501,0,WASP-99 b,41.32,0,0
3502,19.2,WD 0806-661 b,476.7,0,0
3503,10.1,WISEP J121756.91+162640.2 A b,636,0,0
3504,3200,WTS-1 b,111.24,0,0
3505,1000,WTS-2 b,50.8528,0,0
3506,4.3,Wolf 1061 b,0,26.48,0
3507,4.3,Wolf 1061 c,0,26.48,0
3508,4.3,Wolf 1061 d,0,26.48,0
3509,172,XO-1 b,25.425,0,0
3510,145.5,XO-2 N b,6.674,0,0
3511,148,XO-2 S b,0,0,0
3512,148,XO-2 S c,0,0,0
3513,174,XO-3 b,187.512,0,0
3514,293,XO-4 b,25.43,0,0
3515,260,XO-5 b,9.53,0,0
3516,232.72,XO-6 b,0,0,0
3517,3.6,YZ Cet b,0,27.49,0
3518,3.6,YZ Cet c,0,27.49,0
3519,3.6,YZ Cet d,0,27.49,0
3520,20.21,alf Ari b,0,0,0
3521,20.43,alf Tau b,0,0,0
3522,89.05,bet Cnc b,0,0,0
3523,19.28,bet Pic b,0,0,0
3524,38.78,bet UMi b,0,0,0
3525,70.42,eps CrB b,0,0,0
3526,3.21,eps Eri b,76.2792,28.32,0
3527,47.53,eps Tau b,0,0,0
3528,38.52,gam 1 Leo b,0,0,0
3529,13.79,gam Cep b,0,27.11,0
3530,52.03,kap And b,7323.224,0,0
3531,30.5,kap CrB b,0,0,0
3532,40.78,mu Leo b,0,0,0
3533,46.84,nu Oph b,0,0,0
3534,46.84,nu Oph c,0,0,0
3535,80.64,ome Ser b,0,0,0
3536,84.03,omi CrB b,0,0,0
3537,56.31,omi UMa b,0,0,0
3538,22.16,psi 1 Dra B b,0,28.63,0
3539,17.24,rho CrB b,0,0,0
3540,17.24,rho CrB c,0,0,0
3541,15.6,tau Boo b,0,28.95,0
3542,3.65,tau Cet e,0,27.04,0
3543,3.65,tau Cet f,0,27.04,0
3544,3.65,tau Cet g,0,27.04,0
3545,3.65,tau Cet h,0,27.04,0
3546,92.51,tau Gem b,0,0,0
3547,13.47,ups And b,0,28.13,0
3548,13.47,ups And c,0,28.13,0
3549,13.47,ups And d,0,28.13,0
3550,62.66,xi Aql b,0,0,0
